timestamp,value,anomaly_score,label,S(t)_standard
2014-01-16 00:00:00,33.5573,0.0,0,0.0
2014-01-16 00:05:00,33.446,0.0,0,0.0
2014-01-16 00:10:00,33.4447,0.0,0,0.0
2014-01-16 00:15:00,33.3333,0.0,0,0.0
2014-01-16 00:20:00,33.4447,0.0,0,0.0
2014-01-16 00:25:00,33.4447,1.0,0,0.0
2014-01-16 00:30:00,33.446,0.0,0,0.0
2014-01-16 00:35:00,33.4427,1.0,0,0.0
2014-01-16 00:40:00,33.3333,0.0,0,0.0
2014-01-16 00:45:00,33.554,0.0,0,0.0
2014-01-16 00:50:00,33.3333,0.0,0,0.0
2014-01-16 00:55:00,33.4427,1.0,0,0.0
2014-01-16 01:00:00,33.4427,0.0,0,0.0
2014-01-16 01:05:00,33.5573,1.0,0,0.0
2014-01-16 01:10:00,33.3333,1.0,0,0.0
2014-01-16 01:15:00,33.4447,1.0,0,0.0
2014-01-16 01:20:00,33.446,0.16666666666666666,0,0.0
2014-01-16 01:25:00,33.3333,0.0,0,0.0
2014-01-16 01:30:00,33.5553,0.3333333333333333,0,0.0
2014-01-16 01:35:00,33.3333,0.0,0,0.0
2014-01-16 01:40:00,33.6647,1.0,0,0.0
2014-01-16 01:45:00,33.3333,1.0,0,0.0
2014-01-16 01:50:00,33.3333,0.0,0,0.0
2014-01-16 01:55:00,33.5587,0.4166666666666667,0,0.0
2014-01-16 02:00:00,33.5587,1.0,0,0.0
2014-01-16 02:05:00,33.3333,0.3043478260869565,0,0.0
2014-01-16 02:10:00,33.4447,0.21739130434782608,0,0.0
2014-01-16 02:15:00,33.4427,0.08695652173913042,0,0.0
2014-01-16 02:20:00,33.3333,0.17391304347826084,0,0.0
2014-01-16 02:25:00,33.554,0.08695652173913042,0,0.0
2014-01-16 02:30:00,33.3333,1.0,0,0.0
2014-01-16 02:35:00,33.4447,1.0,0,0.0
2014-01-16 02:40:00,33.4447,1.0,0,0.0
2014-01-16 02:45:00,33.446,0.4862647254504527,0,0.0
2014-01-16 02:50:00,33.4427,0.6661956245635389,0,0.0
2014-01-16 02:55:00,33.3333,0.9055281153472684,0,0.0
2014-01-16 03:00:00,33.5587,0.10289267314861304,0,0.0
2014-01-16 03:05:00,35.222,1.0,0,0.0
2014-01-16 03:10:00,33.3333,0.20531514004895612,0,0.0
2014-01-16 03:15:00,33.3333,0.0978220602255854,0,0.0
2014-01-16 03:20:00,33.5553,0.16691881513802748,0,0.0
2014-01-16 03:25:00,33.3333,0.0620178299582761,0,0.0
2014-01-16 03:30:00,35.2507,0.536608786575299,0,0.0
2014-01-16 03:35:00,33.3333,0.36508017967607415,0,0.0
2014-01-16 03:40:00,33.4447,0.2562485826389158,0,0.0
2014-01-16 03:45:00,33.4447,0.14747027688887826,0,0.0
2014-01-16 03:50:00,33.4447,0.0498596792210778,0,0.0
2014-01-16 03:55:00,33.4447,0.2032504272392291,0,0.0
2014-01-16 04:00:00,33.554,0.32943644334909056,0,0.0
2014-01-16 04:05:00,33.3333,0.5902208294475007,0,0.0
2014-01-16 04:10:00,33.4427,0.2490211834454177,0,0.0
2014-01-16 04:15:00,33.4447,0.6500910848166712,0,0.0
2014-01-16 04:20:00,33.5573,0.4375830229331004,0,0.0
2014-01-16 04:25:00,33.3333,0.3022652756991814,0,0.0
2014-01-16 04:30:00,33.4427,0.2616327318820377,0,0.0
2014-01-16 04:35:00,33.4447,0.24182536500909985,0,0.0
2014-01-16 04:40:00,33.4427,0.04939104236859373,0,0.0
2014-01-16 04:45:00,33.446,0.033173939263210585,0,0.0
2014-01-16 04:50:00,33.3333,0.3708160911341957,0,0.0
2014-01-16 04:55:00,33.4427,0.5265902537537377,0,0.0
2014-01-16 05:00:00,33.4427,1.0,0,0.0
2014-01-16 05:05:00,33.5573,1.0,0,0.0
2014-01-16 05:10:00,33.3333,0.0980336474922113,0,0.0
2014-01-16 05:15:00,33.446,0.0923013186580464,0,0.0
2014-01-16 05:20:00,33.446,0.6401282796202967,0,0.0
2014-01-16 05:25:00,33.4447,0.07083741721705977,0,0.0
2014-01-16 05:30:00,33.446,0.484262831288557,0,0.0
2014-01-16 05:35:00,33.3333,0.31084943341493104,0,0.0
2014-01-16 05:40:00,33.554,1.0,0,0.0
2014-01-16 05:45:00,33.3333,0.4524481185703066,0,0.0
2014-01-16 05:50:00,33.5553,0.4643013447955224,0,0.0
2014-01-16 05:55:00,33.3333,0.5897746147369287,0,0.0
2014-01-16 06:00:00,33.554,0.34352461262463363,0,0.0
2014-01-16 06:05:00,33.3333,0.8923826130739555,0,0.0
2014-01-16 06:10:00,33.5553,0.3131489321832244,0,0.0
2014-01-16 06:15:00,33.3333,0.7781760572424358,0,0.0
2014-01-16 06:20:00,33.3333,0.8933972216764341,0,0.0
2014-01-16 06:25:00,33.5553,0.034005771109780425,0,0.0
2014-01-16 06:30:00,33.3333,0.5578343636833136,0,0.0
2014-01-16 06:35:00,33.4447,0.5340834727920537,0,0.0
2014-01-16 06:40:00,33.4427,0.10311077357271133,0,0.0
2014-01-16 06:45:00,33.4447,0.2535390733720739,0,0.0
2014-01-16 06:50:00,33.446,0.20719871668785675,0,0.0
2014-01-16 06:55:00,33.3333,0.6843337081513257,0,0.0
2014-01-16 07:00:00,33.556,0.6599088199022407,0,0.0
2014-01-16 07:05:00,33.446,0.5890322004399746,0,0.0
2014-01-16 07:10:00,33.4447,0.20810111010702276,0,0.0
2014-01-16 07:15:00,33.3333,0.8915719757072625,0,0.0
2014-01-16 07:20:00,33.446,0.12391819753421393,0,0.0
2014-01-16 07:25:00,33.4427,0.6305268277249695,0,0.0
2014-01-16 07:30:00,33.4447,0.07868553928839189,0,0.0
2014-01-16 07:35:00,33.446,0.023224771832826882,0,0.0
2014-01-16 07:40:00,33.446,0.07937870020367267,0,0.0
2014-01-16 07:45:00,33.3333,0.42793425076821867,0,0.0
2014-01-16 07:50:00,33.554,0.2590302003032485,0,0.0
2014-01-16 07:55:00,33.3333,0.3463677130480199,0,0.0
2014-01-16 08:00:00,33.5553,0.1000217547830365,0,0.0
2014-01-16 08:05:00,33.4447,0.05423755474353125,0,0.0
2014-01-16 08:10:00,33.5573,0.3798614872011278,0,0.0
2014-01-16 08:15:00,33.3333,0.7699667998903649,0,0.0
2014-01-16 08:20:00,33.4447,0.03785850983699025,0,0.0
2014-01-16 08:25:00,33.4427,0.25085779856105545,0,0.0
2014-01-16 08:30:00,33.3333,0.7550733765494627,0,0.0
2014-01-16 08:35:00,33.556,0.15337870705079384,0,0.0
2014-01-16 08:40:00,33.3333,0.1285058085227701,0,0.0
2014-01-16 08:45:00,33.446,0.17787244969559715,0,0.0
2014-01-16 08:50:00,33.446,0.0865605656032316,0,0.0
2014-01-16 08:55:00,33.3333,0.1584858614998838,0,0.0
2014-01-16 09:00:00,33.5573,0.3050960760109135,0,0.0
2014-01-16 09:05:00,33.446,0.08882255588485535,0,0.0
2014-01-16 09:10:00,33.4427,0.12892957510051367,0,0.0
2014-01-16 09:15:00,33.3333,0.6485113242412004,0,0.0
2014-01-16 09:20:00,33.5587,0.2938577049353852,0,0.0
2014-01-16 09:25:00,33.3333,0.7677348953980079,0,0.0
2014-01-16 09:30:00,33.556,0.1057150351898296,0,0.0
2014-01-16 09:35:00,33.3333,0.4668618147069711,0,0.0
2014-01-16 09:40:00,33.3333,0.4371008965752285,0,0.0
2014-01-16 09:45:00,33.5573,0.3046459272090308,0,0.0
2014-01-16 09:50:00,33.3333,0.26264992451391456,0,0.0
2014-01-16 09:55:00,33.554,0.4492128369550597,0,0.0
2014-01-16 10:00:00,33.3333,0.457591797749464,0,0.0
2014-01-16 10:05:00,33.556,0.8065064367415072,0,0.0
2014-01-16 10:10:00,33.3333,0.9028560903674218,0,0.0
2014-01-16 10:15:00,33.554,0.4894341059703152,0,0.0
2014-01-16 10:20:00,33.3333,0.7285810652205552,0,0.0
2014-01-16 10:25:00,33.3333,0.6202935456440567,0,0.0
2014-01-16 10:30:00,33.5587,0.00681398704355572,0,0.0
2014-01-16 10:35:00,33.3333,0.3503144985589092,0,0.0
2014-01-16 10:40:00,33.556,0.18713199782308007,0,0.0
2014-01-16 10:45:00,33.3333,0.13332799878605153,0,0.0
2014-01-16 10:50:00,33.3333,0.15535717658217155,0,0.0
2014-01-16 10:55:00,33.672,0.7931208017836391,0,0.0
2014-01-16 11:00:00,33.554,0.6968496196953845,0,0.0
2014-01-16 11:05:00,33.3333,0.4882273381509555,0,0.0
2014-01-16 11:10:00,33.4427,0.3047484320228426,0,0.0
2014-01-16 11:15:00,34.7767,1.0,0,0.0
2014-01-16 11:20:00,34.452,0.5621838031468023,0,0.0
2014-01-16 11:25:00,34.2133,0.34447843483941964,0,0.0
2014-01-16 11:30:00,33.4427,0.0819206303184263,0,0.0
2014-01-16 11:35:00,33.4427,0.10642639655363167,0,0.0
2014-01-16 11:40:00,33.3333,0.5251644988835661,0,0.0
2014-01-16 11:45:00,33.4447,0.17217458157314036,0,0.0
2014-01-16 11:50:00,33.4427,0.030878946573369,0,0.0
2014-01-16 11:55:00,33.4447,0.04692686987294031,0,0.0
2014-01-16 12:00:00,33.552,0.09035695852638967,0,0.0
2014-01-16 12:05:00,33.4447,0.11556872245159105,0,0.0
2014-01-16 12:10:00,33.3333,0.02643391740594423,0,0.0
2014-01-16 12:15:00,33.552,0.09435981421583096,0,0.0
2014-01-16 12:20:00,33.3333,0.041380460081293834,0,0.0
2014-01-16 12:25:00,33.5573,0.0005506499388015703,0,0.0
2014-01-16 12:30:00,33.3333,0.12581568589046782,0,0.0
2014-01-16 12:35:00,33.3333,0.011999186304495632,0,0.0
2014-01-16 12:40:00,33.554,0.041964273581399,0,0.0
2014-01-16 12:45:00,33.3333,0.08604283392262453,0,0.0
2014-01-16 12:50:00,33.554,0.03510394866525732,0,0.0
2014-01-16 12:55:00,33.3333,0.027895275903854173,0,0.0
2014-01-16 13:00:00,33.552,0.10513198266513456,0,0.0
2014-01-16 13:05:00,33.3333,0.08156199874783962,0,0.0
2014-01-16 13:10:00,33.552,0.1044528839700662,0,0.0
2014-01-16 13:15:00,33.3333,0.12578735588256576,0,0.0
2014-01-16 13:20:00,33.4427,0.023613938431164137,0,0.0
2014-01-16 13:25:00,33.4447,0.04143180970802391,0,0.0
2014-01-16 13:30:00,33.446,0.08187036806667022,0,0.0
2014-01-16 13:35:00,33.4427,0.062281074707820114,0,0.0
2014-01-16 13:40:00,33.3333,0.03156947144792372,0,0.0
2014-01-16 13:45:00,33.4447,0.008498628526429476,0,0.0
2014-01-16 13:50:00,33.446,0.026713688720753026,0,0.0
2014-01-16 13:55:00,33.4427,0.06025833313368099,0,0.0
2014-01-16 14:00:00,33.4447,0.0051231858569560605,0,0.0
2014-01-16 14:05:00,33.4447,0.019553556401841345,0,0.0
2014-01-16 14:10:00,33.4427,0.026737492831999003,0,0.0
2014-01-16 14:15:00,33.8887,0.2762425267648098,0,0.0
2014-01-16 14:20:00,33.8833,0.2864768697015281,0,0.0
2014-01-16 14:25:00,33.3333,0.204881070690392,0,0.0
2014-01-16 14:30:00,33.5573,0.06337326750451677,0,0.0
2014-01-16 14:35:00,33.3333,0.06307917777083773,0,0.0
2014-01-16 14:40:00,33.4447,0.1254826269679084,0,0.0
2014-01-16 14:45:00,33.446,0.1164566141954044,0,0.0
2014-01-16 14:50:00,33.446,0.07006764416455717,0,0.0
2014-01-16 14:55:00,33.446,0.03345753152205982,0,0.0
2014-01-16 15:00:00,33.4427,0.07256335964416367,0,0.0
2014-01-16 15:05:00,33.4427,0.045127480337481415,0,0.0
2014-01-16 15:10:00,33.446,0.01002726236197035,0,0.0
2014-01-16 15:15:00,33.3333,0.1148708153191381,0,0.0
2014-01-16 15:20:00,33.4447,0.010235300667986664,0,0.0
2014-01-16 15:25:00,33.4427,0.004205982659601316,0,0.0
2014-01-16 15:30:00,33.446,0.04132404163043538,0,0.0
2014-01-16 15:35:00,33.446,0.018245899473482992,0,0.0
2014-01-16 15:40:00,33.3333,0.06230198644108492,0,0.0
2014-01-16 15:45:00,33.5573,0.04368358334167223,0,0.0
2014-01-16 15:50:00,33.3333,0.12179449282625755,0,0.0
2014-01-16 15:55:00,33.446,0.010081547569152052,0,0.0
2014-01-16 16:00:00,33.446,0.019685998721382655,0,0.0
2014-01-16 16:05:00,33.446,0.018291624333201903,0,0.0
2014-01-16 16:10:00,33.4427,0.049463239287000915,0,0.0
2014-01-16 16:15:00,33.446,0.00823856491430038,0,0.0
2014-01-16 16:20:00,33.4447,0.03078224025311961,0,0.0
2014-01-16 16:25:00,33.3333,0.09825118883398452,0,0.0
2014-01-16 16:30:00,33.5587,0.061813686546576214,0,0.0
2014-01-16 16:35:00,33.3333,0.07428318498544692,0,0.0
2014-01-16 16:40:00,33.4447,0.04361869097731541,0,0.0
2014-01-16 16:45:00,33.4427,0.02128920032205487,0,0.0
2014-01-16 16:50:00,33.3333,0.09219312190079784,0,0.0
2014-01-16 16:55:00,33.552,0.026282451465481933,0,0.0
2014-01-16 17:00:00,33.4447,0.011363037843019563,0,0.0
2014-01-16 17:05:00,33.4427,0.02746139543904497,0,0.0
2014-01-16 17:10:00,33.3333,0.12195135144282425,0,0.0
2014-01-16 17:15:00,33.5573,0.09368019908190783,0,0.0
2014-01-16 17:20:00,33.3333,0.1270038843200436,0,0.0
2014-01-16 17:25:00,33.556,0.03790262706073034,0,0.0
2014-01-16 17:30:00,33.3333,0.09888390517171423,0,0.0
2014-01-16 17:35:00,33.3333,0.07765896012169292,0,0.0
2014-01-16 17:40:00,33.668,0.11126046898346338,0,0.0
2014-01-16 17:45:00,33.3333,0.08806521053899975,0,0.0
2014-01-16 17:50:00,33.5553,0.023215293769117268,0,0.0
2014-01-16 17:55:00,33.3333,0.07861123368755524,0,0.0
2014-01-16 18:00:00,33.552,0.08691078822264836,0,0.0
2014-01-16 18:05:00,33.3333,0.17251683187808858,0,0.0
2014-01-16 18:10:00,33.556,0.07964204710227551,0,0.0
2014-01-16 18:15:00,33.3333,0.09671183510381297,0,0.0
2014-01-16 18:20:00,33.556,0.06430751956594538,0,0.0
2014-01-16 18:25:00,33.3333,0.1405537110188731,0,0.0
2014-01-16 18:30:00,33.4447,0.01777535969991768,0,0.0
2014-01-16 18:35:00,33.4427,0.04397020756860548,0,0.0
2014-01-16 18:40:00,9.090910000000001,1.0,0,0.0
2014-01-16 18:45:00,28.8093,0.00019496368320501487,0,0.0
2014-01-16 18:50:00,33.3333,0.0015478987353004716,0,0.0
2014-01-16 18:55:00,33.4427,0.005443864389859684,0,0.0
2014-01-16 19:00:00,35.3187,0.0032036970474032768,0,0.0
2014-01-16 19:05:00,34.3413,0.010412122949981449,0,0.0
2014-01-16 19:10:00,35.1113,0.004358410147009144,0,0.0
2014-01-16 19:15:00,33.446,0.007700660798610319,0,0.0
2014-01-16 19:20:00,33.446,0.005201784072305492,0,0.0
2014-01-16 19:25:00,33.3333,0.0042017855058038645,0,0.0
2014-01-16 19:30:00,33.5553,0.002048681904495528,0,0.0
2014-01-16 19:35:00,33.3333,0.004629599713890474,0,0.0
2014-01-16 19:40:00,33.4427,0.008566270485253694,0,0.0
2014-01-16 19:45:00,33.4447,0.004159629042441994,0,0.0
2014-01-16 19:50:00,33.4427,0.004167528092393253,0,0.0
2014-01-16 19:55:00,33.4447,0.002865261122129935,0,0.0
2014-01-16 20:00:00,33.552,0.005254814439515461,0,0.0
2014-01-16 20:05:00,33.3333,0.005928306492048065,0,0.0
2014-01-16 20:10:00,33.4447,0.005773735781536399,0,0.0
2014-01-16 20:15:00,33.4447,0.0013075061615439346,0,0.0
2014-01-16 20:20:00,33.446,0.0015803118218864786,0,0.0
2014-01-16 20:25:00,34.2313,0.0030702829699907077,0,0.0
2014-01-16 20:30:00,33.5553,0.004323246976658408,0,0.0
2014-01-16 20:35:00,33.3333,0.0007224747910255068,0,0.0
2014-01-16 20:40:00,33.4447,0.001937916419926461,0,0.0
2014-01-16 20:45:00,33.4427,0.0036667216995975756,0,0.0
2014-01-16 20:50:00,33.4447,0.003637912000964685,0,0.0
2014-01-16 20:55:00,33.4447,0.003985161136081142,0,0.0
2014-01-16 21:00:00,33.4447,0.0013471383427171352,0,0.0
2014-01-16 21:05:00,33.4447,0.0005194666290518488,0,0.0
2014-01-16 21:10:00,33.4427,0.0031258066136930717,0,0.0
2014-01-16 21:15:00,33.4427,0.004932283675709819,0,0.0
2014-01-16 21:20:00,33.3333,0.001238607863383393,0,0.0
2014-01-16 21:25:00,33.4427,0.0051860938622073725,0,0.0
2014-01-16 21:30:00,33.4427,0.003184350666881103,0,0.0
2014-01-16 21:35:00,33.4427,0.003437931980203975,0,0.0
2014-01-16 21:40:00,33.4447,0.0031975351798814483,0,0.0
2014-01-16 21:45:00,33.3333,0.001122210380249825,0,0.0
2014-01-16 21:50:00,33.554,0.008195118475959929,0,0.0
2014-01-16 21:55:00,33.3333,0.002311493221510513,0,0.0
2014-01-16 22:00:00,33.5573,0.009044985730761538,0,0.0
2014-01-16 22:05:00,33.3333,0.002812424576994205,0,0.0
2014-01-16 22:10:00,33.5553,0.01064132188121554,0,0.0
2014-01-16 22:15:00,33.3333,0.003525298541280635,0,0.0
2014-01-16 22:20:00,33.4427,0.004784934390626351,0,0.0
2014-01-16 22:25:00,33.4427,0.00211349951383336,0,0.0
2014-01-16 22:30:00,33.3333,0.00028654456224070984,0,0.0
2014-01-16 22:35:00,33.5573,0.007840282891369718,0,0.0
2014-01-16 22:40:00,33.446,0.003044948252570018,0,0.0
2014-01-16 22:45:00,33.4447,0.0023751690530009577,0,0.0
2014-01-16 22:50:00,33.446,0.0034787278349981666,0,0.0
2014-01-16 22:55:00,33.3333,0.0016592298639301927,0,0.0
2014-01-16 23:00:00,33.5587,0.00880237046961145,0,0.0
2014-01-16 23:05:00,33.4447,0.002003105739245486,0,0.0
2014-01-16 23:10:00,33.4447,0.003303888079597341,0,0.0
2014-01-16 23:15:00,33.4427,0.002549865332511436,0,0.0
2014-01-16 23:20:00,33.446,0.003416287959473135,0,0.0
2014-01-16 23:25:00,33.3333,0.0018800423120568718,0,0.0
2014-01-16 23:30:00,33.554,0.008688846116202438,0,0.0
2014-01-16 23:35:00,33.3333,0.002648503963997039,0,0.0
2014-01-16 23:40:00,35.6707,0.09824815559828674,0,0.0
2014-01-16 23:45:00,33.4427,0.015629210118773402,0,0.0
2014-01-16 23:50:00,33.4447,0.006226288057743957,0,0.0
2014-01-16 23:55:00,33.446,0.001145726859128864,0,0.0
2014-01-17 00:00:00,33.552,0.01570450502154694,0,0.0
2014-01-17 00:05:00,33.3333,0.003902523038398019,0,0.0
2014-01-17 00:10:00,33.554,0.015275622660683778,0,0.0
2014-01-17 00:15:00,33.3333,0.006282703673381358,0,0.0
2014-01-17 00:20:00,33.4447,0.006449895298672055,0,0.0
2014-01-17 00:25:00,33.446,0.0007695515278067184,0,0.0
2014-01-17 00:30:00,33.3333,0.0011830952499803445,0,0.0
2014-01-17 00:35:00,33.556,0.005778181826011507,0,0.0
2014-01-17 00:40:00,33.3333,0.000781430189201937,0,0.0
2014-01-17 00:45:00,33.5573,0.0071981621032534936,0,0.0
2014-01-17 00:50:00,33.3333,0.0032040846086553317,0,0.0
2014-01-17 00:55:00,33.3333,0.00041130984973140585,0,0.0
2014-01-17 01:00:00,33.5573,0.00781993898879333,0,0.0
2014-01-17 01:05:00,33.554,0.006698786086046881,0,0.0
2014-01-17 01:10:00,33.3333,0.003873142948245808,0,0.0
2014-01-17 01:15:00,33.5553,0.008544107877404452,0,0.0
2014-01-17 01:20:00,33.3333,0.003504342848759679,0,0.0
2014-01-17 01:25:00,33.3333,0.00305132780831298,0,0.0
2014-01-17 01:30:00,33.554,0.0062676269761487045,0,0.0
2014-01-17 01:35:00,33.3333,0.0023539591050873864,0,0.0
2014-01-17 01:40:00,34.124,0.031167942489612032,0,0.0
2014-01-17 01:45:00,37.664,0.17439156832437533,0,0.0
2014-01-17 01:50:00,37.8887,0.15141466888350874,0,0.0
2014-01-17 01:55:00,37.6533,0.13609087529455066,0,0.0
2014-01-17 02:00:00,34.3427,0.00033806293198880083,0,0.0
2014-01-17 02:05:00,33.3333,0.0020296604725453067,0,0.0
2014-01-17 02:10:00,33.556,0.019920308732879758,0,0.0
2014-01-17 02:15:00,33.3333,0.016438983588750674,0,0.0
2014-01-17 02:20:00,37.6687,0.17646429876181188,0,0.0
2014-01-17 02:25:00,38.5593,0.15590226911074573,0,0.0
2014-01-17 02:30:00,38.328,0.12228105368846523,0,0.0
2014-01-17 02:35:00,33.6647,0.05553171445192895,0,0.0
2014-01-17 02:40:00,33.3333,0.0021129736926591503,0,0.0
2014-01-17 02:45:00,33.4427,0.009086420173936698,0,0.0
2014-01-17 02:50:00,33.446,0.006504287608108746,0,0.0
2014-01-17 02:55:00,33.4447,0.019375253974776498,0,0.0
2014-01-17 03:00:00,33.4447,0.01631884570083975,0,0.0
2014-01-17 03:05:00,35.588,0.05735008442744954,0,0.0
2014-01-17 03:10:00,33.3333,0.034988608098404886,0,0.0
2014-01-17 03:15:00,33.554,0.0007309981905211751,0,0.0
2014-01-17 03:20:00,33.3333,0.005169153964057907,0,0.0
2014-01-17 03:25:00,35.3333,0.07296505202325218,0,0.0
2014-01-17 03:30:00,33.5553,0.02146300724335333,0,0.0
2014-01-17 03:35:00,33.3333,0.004440756534963231,0,0.0
2014-01-17 03:40:00,33.554,0.002933960794764321,0,0.0
2014-01-17 03:45:00,33.3333,0.004518980591326397,0,0.0
2014-01-17 03:50:00,33.556,0.005467169557690727,0,0.0
2014-01-17 03:55:00,33.4447,0.0023896857068126955,0,0.0
2014-01-17 04:00:00,33.5573,0.014207007673216884,0,0.0
2014-01-17 04:05:00,33.3333,0.0056940521972601,0,0.0
2014-01-17 04:10:00,33.446,0.0005088851880073231,0,0.0
2014-01-17 04:15:00,33.446,0.0036099036337439282,0,0.0
2014-01-17 04:20:00,33.3333,0.00997113356251748,0,0.0
2014-01-17 04:25:00,33.4447,0.0020332717393242413,0,0.0
2014-01-17 04:30:00,33.446,0.0032281119835244035,0,0.0
2014-01-17 04:35:00,33.4447,0.005997754627030756,0,0.0
2014-01-17 04:40:00,33.4447,0.0030522977299355433,0,0.0
2014-01-17 04:45:00,33.446,0.00321812522391181,0,0.0
2014-01-17 04:50:00,33.3333,0.0024456890984252987,0,0.0
2014-01-17 04:55:00,33.4447,0.0014518820773452596,0,0.0
2014-01-17 05:00:00,33.554,0.003142578693270202,0,0.0
2014-01-17 05:05:00,33.446,0.002307130230378493,0,0.0
2014-01-17 05:10:00,33.3333,0.004128827456169425,0,0.0
2014-01-17 05:15:00,33.446,0.0004981328275830909,0,0.0
2014-01-17 05:20:00,33.4427,0.0023129687720424763,0,0.0
2014-01-17 05:25:00,33.4447,0.0002663457819734431,0,0.0
2014-01-17 05:30:00,33.446,0.001962722168738651,0,0.0
2014-01-17 05:35:00,33.3333,0.0058988476070633905,0,0.0
2014-01-17 05:40:00,33.554,0.003834362432852688,0,0.0
2014-01-17 05:45:00,33.3333,0.006695276338629306,0,0.0
2014-01-17 05:50:00,33.4427,0.0002534289699694025,0,0.0
2014-01-17 05:55:00,33.4447,0.0014050274692047134,0,0.0
2014-01-17 06:00:00,33.5573,0.004055015767948007,0,0.0
2014-01-17 06:05:00,33.3333,0.00799562523330133,0,0.0
2014-01-17 06:10:00,33.4427,0.0008737233888721348,0,0.0
2014-01-17 06:15:00,33.4447,0.0016118341950457009,0,0.0
2014-01-17 06:20:00,33.3333,0.004961961709108471,0,0.0
2014-01-17 06:25:00,33.556,0.0042187286959679965,0,0.0
2014-01-17 06:30:00,33.3333,0.006406265555411628,0,0.0
2014-01-17 06:35:00,33.4447,0.0009628873791010543,0,0.0
2014-01-17 06:40:00,33.4447,0.0006919488582585588,0,0.0
2014-01-17 06:45:00,33.3333,0.00535083705082615,0,0.0
2014-01-17 06:50:00,33.556,0.004561592845964465,0,0.0
2014-01-17 06:55:00,33.3333,0.006828529829164817,0,0.0
2014-01-17 07:00:00,33.554,0.004595876429353805,0,0.0
2014-01-17 07:05:00,33.3333,0.00703354515752118,0,0.0
2014-01-17 07:10:00,33.554,0.005199403214865436,0,0.0
2014-01-17 07:15:00,33.3333,0.007278482042613131,0,0.0
2014-01-17 07:20:00,33.4427,0.0006765931458353562,0,0.0
2014-01-17 07:25:00,33.446,0.0014704367482521901,0,0.0
2014-01-17 07:30:00,33.3333,0.005044049248068903,0,0.0
2014-01-17 07:35:00,33.5573,0.0037680992329826492,0,0.0
2014-01-17 07:40:00,33.4427,0.001195718296986867,0,0.0
2014-01-17 07:45:00,33.556,0.002753550287531773,0,0.0
2014-01-17 07:50:00,33.3333,0.006545612889046018,0,0.0
2014-01-17 07:55:00,33.3333,0.004520136837069793,0,0.0
2014-01-17 08:00:00,33.5573,0.00527910034370023,0,0.0
2014-01-17 08:05:00,33.556,0.002656359497707273,0,0.0
2014-01-17 08:10:00,33.3333,0.007342837323609956,0,0.0
2014-01-17 08:15:00,33.554,0.0045620821643680065,0,0.0
2014-01-17 08:20:00,33.3333,0.007365737562371734,0,0.0
2014-01-17 08:25:00,33.3333,0.0035935132682196587,0,0.0
2014-01-17 08:30:00,33.554,0.00437970998785916,0,0.0
2014-01-17 08:35:00,33.3333,0.006016808240334075,0,0.0
2014-01-17 08:40:00,33.5553,0.0032561009840353203,0,0.0
2014-01-17 08:45:00,33.3333,0.006558102059429097,0,0.0
2014-01-17 08:50:00,33.4427,9.045080359323491e-05,0,0.0
2014-01-17 08:55:00,33.4427,0.0010452862508920956,0,0.0
2014-01-17 09:00:00,33.4447,0.0002444470738005141,0,0.0
2014-01-17 09:05:00,33.446,0.0016254877822032526,0,0.0
2014-01-17 09:10:00,33.4447,0.0006177663503964463,0,0.0
2014-01-17 09:15:00,33.446,0.0017411003258080405,0,0.0
2014-01-17 09:20:00,33.446,3.214708380730506e-05,0,0.0
2014-01-17 09:25:00,33.3333,0.006149458173045459,0,0.0
2014-01-17 09:30:00,33.446,0.0011484918085641054,0,0.0
2014-01-17 09:35:00,33.4427,0.0018554598451628664,0,0.0
2014-01-17 09:40:00,33.4447,0.0007957999456143044,0,0.0
2014-01-17 09:45:00,33.4447,0.0011558726495455665,0,0.0
2014-01-17 09:50:00,33.4447,0.0007280488217012963,0,0.0
2014-01-17 09:55:00,33.4427,0.001408549274286784,0,0.0
2014-01-17 10:00:00,33.4447,0.0002662547641719236,0,0.0
2014-01-17 10:05:00,33.4427,0.0012197162179971215,0,0.0
2014-01-17 10:10:00,33.4447,0.0009429202027843033,0,0.0
2014-01-17 10:15:00,33.4427,0.0009709550460412047,0,0.0
2014-01-17 10:20:00,33.3333,0.005802844012905753,0,0.0
2014-01-17 10:25:00,33.4427,0.0004433187657784536,0,0.0
2014-01-17 10:30:00,33.4447,0.0010456328150784439,0,0.0
2014-01-17 10:35:00,33.4447,0.0009332844957286652,0,0.0
2014-01-17 10:40:00,33.4447,0.0011761074410430127,0,0.0
2014-01-17 10:45:00,33.4447,0.000891192581936994,0,0.0
2014-01-17 10:50:00,33.4427,0.0011212595136134435,0,0.0
2014-01-17 10:55:00,33.3333,0.00519477330582214,0,0.0
2014-01-17 11:00:00,33.5573,0.005236332460678989,0,0.0
2014-01-17 11:05:00,33.4447,0.0021122304110564754,0,0.0
2014-01-17 11:10:00,33.446,0.0011853265235031276,0,0.0
2014-01-17 11:15:00,33.3333,0.00579278487674912,0,0.0
2014-01-17 11:20:00,33.4447,0.0007841894083049902,0,0.0
2014-01-17 11:25:00,33.4447,0.0011837090604050696,0,0.0
2014-01-17 11:30:00,33.4427,0.0003414336053203168,0,0.0
2014-01-17 11:35:00,33.446,0.0015930928663422724,0,0.0
2014-01-17 11:40:00,33.3333,0.005393388988420073,0,0.0
2014-01-17 11:45:00,33.556,0.004628328083603785,0,0.0
2014-01-17 11:50:00,33.3333,0.0061391432346068996,0,0.0
2014-01-17 11:55:00,33.556,0.005004663727708325,0,0.0
2014-01-17 12:00:00,33.4447,0.002280022099839406,0,0.0
2014-01-17 12:05:00,33.4447,0.0008141138649885528,0,0.0
2014-01-17 12:10:00,33.446,0.0012940544187615944,0,0.0
2014-01-17 12:15:00,33.4427,6.510432049709316e-05,0,0.0
2014-01-17 12:20:00,33.3333,0.006252644598951648,0,0.0
2014-01-17 12:25:00,33.4427,0.0010427334992023339,0,0.0
2014-01-17 12:30:00,33.4427,0.0016905524758899257,0,0.0
2014-01-17 12:35:00,33.4427,0.0005146439895731762,0,0.0
2014-01-17 12:40:00,33.4427,0.0019752399802643096,0,0.0
2014-01-17 12:45:00,33.3333,0.004697643121743858,0,0.0
2014-01-17 12:50:00,33.552,0.004437187406215736,0,0.0
2014-01-17 12:55:00,33.3333,0.006290348036078658,0,0.0
2014-01-17 13:00:00,33.5553,0.005007022383842795,0,0.0
2014-01-17 13:05:00,33.4427,0.002456232938884317,0,0.0
2014-01-17 13:10:00,33.3333,0.005116993636314382,0,0.0
2014-01-17 13:15:00,33.5553,0.004555344260717271,0,0.0
2014-01-17 13:20:00,33.3333,0.005819933874309665,0,0.0
2014-01-17 13:25:00,35.6633,0.09374071982747707,0,0.0
2014-01-17 13:30:00,33.4447,0.025635758545562302,0,0.0
2014-01-17 13:35:00,33.4427,0.001147962610051534,0,0.0
2014-01-17 13:40:00,33.446,0.0013518697471994016,0,0.0
2014-01-17 13:45:00,33.4447,0.005682417967779337,0,0.0
2014-01-17 13:50:00,33.3333,0.008941534534507925,0,0.0
2014-01-17 13:55:00,33.4447,0.0036342469340288064,0,0.0
2014-01-17 14:00:00,33.556,0.005558104500745865,0,0.0
2014-01-17 14:05:00,33.446,0.0031403510965704274,0,0.0
2014-01-17 14:10:00,33.3333,0.009036628271376176,0,0.0
2014-01-17 14:15:00,33.4447,0.0040020300052593695,0,0.0
2014-01-17 14:20:00,33.4447,0.004389245549997708,0,0.0
2014-01-17 14:25:00,33.446,0.0005552475599030762,0,0.0
2014-01-17 14:30:00,33.4447,0.0031739464358611514,0,0.0
2014-01-17 14:35:00,33.3333,0.005555953344218133,0,0.0
2014-01-17 14:40:00,33.5573,0.004728246786574643,0,0.0
2014-01-17 14:45:00,33.3333,0.0064514389928146424,0,0.0
2014-01-17 14:50:00,33.4447,0.000529047564006671,0,0.0
2014-01-17 14:55:00,33.4447,0.002088858835697852,0,0.0
2014-01-17 15:00:00,33.554,0.003794882388733901,0,0.0
2014-01-17 15:05:00,33.3333,0.007925076798530703,0,0.0
2014-01-17 15:10:00,33.4427,0.004416321018350607,0,0.0
2014-01-17 15:15:00,33.4427,0.002826787197325663,0,0.0
2014-01-17 15:20:00,33.4427,0.00040091386490721163,0,0.0
2014-01-17 15:25:00,33.4427,0.0012485522695205068,0,0.0
2014-01-17 15:30:00,33.4447,0.0009266412912338818,0,0.0
2014-01-17 15:35:00,33.5553,0.002570178599004549,0,0.0
2014-01-17 15:40:00,33.3333,0.006729918772085224,0,0.0
2014-01-17 15:45:00,33.4447,0.00019040569670488087,0,0.0
2014-01-17 15:50:00,33.4447,0.0005201885420540533,0,0.0
2014-01-17 15:55:00,33.446,0.0009917563551050486,0,0.0
2014-01-17 16:00:00,33.4427,0.0012082668176481713,0,0.0
2014-01-17 16:05:00,33.556,0.004019214691957144,0,0.0
2014-01-17 16:10:00,33.3333,0.007435495153766161,0,0.0
2014-01-17 16:15:00,33.556,0.005484757931994139,0,0.0
2014-01-17 16:20:00,33.3333,0.007197743079828095,0,0.0
2014-01-17 16:25:00,33.3333,0.0034307501590420163,0,0.0
2014-01-17 16:30:00,33.5573,0.004018558288054551,0,0.0
2014-01-17 16:35:00,33.3333,0.006024381536722546,0,0.0
2014-01-17 16:40:00,33.5573,0.004018192225782407,0,0.0
2014-01-17 16:45:00,33.3333,0.006342702438623699,0,0.0
2014-01-17 16:50:00,33.4427,6.186296844206326e-05,0,0.0
2014-01-17 16:55:00,33.4447,0.00083684447284075,0,0.0
2014-01-17 17:00:00,33.5573,0.004628307855379291,0,0.0
2014-01-17 17:05:00,33.3333,0.007491176177286198,0,0.0
2014-01-17 17:10:00,33.4427,0.0006710251879669474,0,0.0
2014-01-17 17:15:00,33.4447,0.0014350896733926588,0,0.0
2014-01-17 17:20:00,33.4447,0.0003661432992516604,0,0.0
2014-01-17 17:25:00,33.4447,0.001964111674784473,0,0.0
2014-01-17 17:30:00,33.4447,9.791910326332387e-05,0,0.0
2014-01-17 17:35:00,33.3333,0.0067342486140527895,0,0.0
2014-01-17 17:40:00,33.446,0.001101033763323251,0,0.0
2014-01-17 17:45:00,33.4427,0.0011731348474140126,0,0.0
2014-01-17 17:50:00,33.4447,0.00030550105860238137,0,0.0
2014-01-17 17:55:00,33.446,0.001623785723051212,0,0.0
2014-01-17 18:00:00,33.4447,0.000274778808002155,0,0.0
2014-01-17 18:05:00,33.4447,0.0013864518176794009,0,0.0
2014-01-17 18:10:00,33.446,0.0004200002746891412,0,0.0
2014-01-17 18:15:00,33.5573,0.00426059516498536,0,0.0
2014-01-17 18:20:00,33.4427,0.002400488541013341,0,0.0
2014-01-17 18:25:00,33.3333,0.005432330608033522,0,0.0
2014-01-17 18:30:00,33.446,0.0003852406041261056,0,0.0
2014-01-17 18:35:00,33.4447,0.0006081939149287447,0,0.0
2014-01-17 18:40:00,33.4447,0.0007690661135637793,0,0.0
2014-01-17 18:45:00,33.3333,0.005666730749436978,0,0.0
2014-01-17 18:50:00,33.5553,0.004596016013717545,0,0.0
2014-01-17 18:55:00,33.3333,0.00700937114150707,0,0.0
2014-01-17 19:00:00,33.556,0.005541388859759336,0,0.0
2014-01-17 19:05:00,33.3333,0.006983640185005214,0,0.0
2014-01-17 19:10:00,33.554,0.005578070584561921,0,0.0
2014-01-17 19:15:00,36.6713,0.13394134521362872,0,0.0
2014-01-17 19:20:00,34.778,0.0196457255135234,0,0.0
2014-01-17 19:25:00,33.3333,0.02113252185683206,0,0.0
2014-01-17 19:30:00,33.5553,0.005742255108227557,0,0.0
2014-01-17 19:35:00,33.3333,0.0009355682949525842,0,0.0
2014-01-17 19:40:00,33.5587,0.005370590921385824,0,0.0
2014-01-17 19:45:00,33.3333,0.005780795071568474,0,0.0
2014-01-17 19:50:00,33.4427,0.01003557716057615,0,0.0
2014-01-17 19:55:00,33.4447,0.00942112564812087,0,0.0
2014-01-17 20:00:00,33.5553,0.0007731662853889787,0,0.0
2014-01-17 20:05:00,33.3333,0.005248692338121022,0,0.0
2014-01-17 20:10:00,33.3333,0.006539277087328168,0,0.0
2014-01-17 20:15:00,33.556,0.003409381449800001,0,0.0
2014-01-17 20:20:00,33.3333,0.008064402953408203,0,0.0
2014-01-17 20:25:00,33.556,0.0030420355604956484,0,0.0
2014-01-17 20:30:00,33.3333,0.006289892388897867,0,0.0
2014-01-17 20:35:00,33.4447,0.00017824445611242868,0,0.0
2014-01-17 20:40:00,33.446,0.001286509350391248,0,0.0
2014-01-17 20:45:00,33.4447,0.0008319770042157843,0,0.0
2014-01-17 20:50:00,33.446,0.0030825043055498,0,0.0
2014-01-17 20:55:00,33.3333,0.0054517672739642815,0,0.0
2014-01-17 21:00:00,33.5553,0.009029703880543112,0,0.0
2014-01-17 21:05:00,33.446,0.0016642175291095222,0,0.0
2014-01-17 21:10:00,33.4427,0.002564316023624006,0,0.0
2014-01-17 21:15:00,33.3333,0.0048374761305398145,0,0.0
2014-01-17 21:20:00,33.446,0.0007109966984864604,0,0.0
2014-01-17 21:25:00,33.446,0.001223052962015552,0,0.0
2014-01-17 21:30:00,33.446,0.0016366993513022329,0,0.0
2014-01-17 21:35:00,33.4447,0.0022470158138394886,0,0.0
2014-01-17 21:40:00,33.446,0.00039689710637130684,0,0.0
2014-01-17 21:45:00,33.3333,0.006034847400355322,0,0.0
2014-01-17 21:50:00,33.4427,0.0007965063349531432,0,0.0
2014-01-17 21:55:00,33.4447,0.0013037616778151975,0,0.0
2014-01-17 22:00:00,33.556,0.004286735399299387,0,0.0
2014-01-17 22:05:00,33.3333,0.007844362944142223,0,0.0
2014-01-17 22:10:00,33.4447,0.0008520173735209878,0,0.0
2014-01-17 22:15:00,33.446,0.001406631308518346,0,0.0
2014-01-17 22:20:00,33.4427,0.0001812242453230165,0,0.0
2014-01-17 22:25:00,33.4447,0.001266535448226941,0,0.0
2014-01-17 22:30:00,33.3333,0.0053670136715939344,0,0.0
2014-01-17 22:35:00,34.8907,0.06085892862535485,0,0.0
2014-01-17 22:40:00,35.5727,0.07281533469161534,0,0.0
2014-01-17 22:45:00,33.446,0.02488620759422741,0,0.0
2014-01-17 22:50:00,33.3333,0.005402081524940004,0,0.0
2014-01-17 22:55:00,33.4447,0.0035511719839740967,0,0.0
2014-01-17 23:00:00,33.5573,0.007524521007300712,0,0.0
2014-01-17 23:05:00,33.4447,0.0030565082268034327,0,0.0
2014-01-17 23:10:00,33.4447,0.004021520820589505,0,0.0
2014-01-17 23:15:00,33.3333,0.014911092253529181,0,0.0
2014-01-17 23:20:00,33.4447,0.002708064740027029,0,0.0
2014-01-17 23:25:00,33.4447,0.00113958956825072,0,0.0
2014-01-17 23:30:00,33.4447,4.714809303653205e-05,0,0.0
2014-01-17 23:35:00,33.446,0.004102475812148228,0,0.0
2014-01-17 23:40:00,33.4447,0.0014842006709466368,0,0.0
2014-01-17 23:45:00,33.3333,0.00756073415661468,0,0.0
2014-01-17 23:50:00,33.4447,0.0007571189374555972,0,0.0
2014-01-17 23:55:00,33.4427,0.001091934867159741,0,0.0
2014-01-18 00:00:00,33.556,0.003762591688354054,0,0.0
2014-01-18 00:05:00,33.3333,0.008083613127141745,0,0.0
2014-01-18 00:10:00,33.556,0.00427968047773396,0,0.0
2014-01-18 00:15:00,33.3333,0.008193399148701026,0,0.0
2014-01-18 00:20:00,33.446,0.0033672275583082373,0,0.0
2014-01-18 00:25:00,33.446,0.0007197240395778781,0,0.0
2014-01-18 00:30:00,33.3333,0.0064763932422270435,0,0.0
2014-01-18 00:35:00,33.5573,0.0036328516203161295,0,0.0
2014-01-18 00:40:00,33.3333,0.006311735891283202,0,0.0
2014-01-18 00:45:00,33.554,0.0037367521660693673,0,0.0
2014-01-18 00:50:00,33.3333,0.00711088904704748,0,0.0
2014-01-18 00:55:00,33.3333,0.005046333740240386,0,0.0
2014-01-18 01:00:00,33.554,0.0044170818707088754,0,0.0
2014-01-18 01:05:00,33.5573,0.0032295942253103703,0,0.0
2014-01-18 01:10:00,33.3333,0.00776889328583356,0,0.0
2014-01-18 01:15:00,33.4447,0.0005737316492892247,0,0.0
2014-01-18 01:20:00,33.4447,0.0014090981385825529,0,0.0
2014-01-18 01:25:00,33.4447,0.00016588260360805252,0,0.0
2014-01-18 01:30:00,33.7833,0.012735295614074884,0,0.0
2014-01-18 01:35:00,33.5587,0.0004790471266138427,0,0.0
2014-01-18 01:40:00,33.3333,0.008040429922868842,0,0.0
2014-01-18 01:45:00,33.4447,0.0006808778685975012,0,0.0
2014-01-18 01:50:00,33.4447,0.00024499627592741566,0,0.0
2014-01-18 01:55:00,33.3333,0.005561085209010464,0,0.0
2014-01-18 02:00:00,33.5573,0.004635444477448875,0,0.0
2014-01-18 02:05:00,33.5573,0.0014257127228517045,0,0.0
2014-01-18 02:10:00,33.3333,0.00791499980531862,0,0.0
2014-01-18 02:15:00,33.3333,0.0050037399070410596,0,0.0
2014-01-18 02:20:00,33.554,0.005966585075363297,0,0.0
2014-01-18 02:25:00,33.3333,0.007478417647916695,0,0.0
2014-01-18 02:30:00,33.5587,0.005270062721772093,0,0.0
2014-01-18 02:35:00,33.3333,0.007868689389900369,0,0.0
2014-01-18 02:40:00,33.446,1.3118971276657359e-05,0,0.0
2014-01-18 02:45:00,33.4447,0.0012449178840666915,0,0.0
2014-01-18 02:50:00,33.4427,0.00023734336234277232,0,0.0
2014-01-18 02:55:00,33.554,0.0024251978168397725,0,0.0
2014-01-18 03:00:00,33.554,0.0029853171163176577,0,0.0
2014-01-18 03:05:00,35.1113,0.06750262888727594,0,0.0
2014-01-18 03:10:00,33.4447,0.019535008778165,0,0.0
2014-01-18 03:15:00,33.4447,5.915599730941331e-05,0,0.0
2014-01-18 03:20:00,33.3333,0.0055932835500153094,0,0.0
2014-01-18 03:25:00,35.1947,0.07816195395698942,0,0.0
2014-01-18 03:30:00,33.4427,0.023361751250545328,0,0.0
2014-01-18 03:35:00,33.4427,0.0009276889766055203,0,0.0
2014-01-18 03:40:00,33.3333,0.013472884485357672,0,0.0
2014-01-18 03:45:00,33.4427,0.004229052028817253,0,0.0
2014-01-18 03:50:00,33.4427,0.0058369343675006525,0,0.0
2014-01-18 03:55:00,33.4447,0.00394981880449129,0,0.0
2014-01-18 04:00:00,33.5573,0.006147823703789497,0,0.0
2014-01-18 04:05:00,34.5553,0.0444345164707727,0,0.0
2014-01-18 04:10:00,35.328,0.0614093312428621,0,0.0
2014-01-18 04:15:00,34.774,0.037121527713589966,0,0.0
2014-01-18 04:20:00,34.6613,0.032707977900555615,0,0.0
2014-01-18 04:25:00,33.556,0.006956936173802657,0,0.0
2014-01-18 04:30:00,33.3333,0.005279035084316004,0,0.0
2014-01-18 04:35:00,33.3333,0.0030776886763094545,0,0.0
2014-01-18 04:40:00,33.67,0.008704221250286012,0,0.0
2014-01-18 04:45:00,33.3333,0.016018467259799996,0,0.0
2014-01-18 04:50:00,33.4447,0.003815330507502269,0,0.0
2014-01-18 04:55:00,33.4447,0.0091740950428324,0,0.0
2014-01-18 05:00:00,33.554,0.0014115850367047837,0,0.0
2014-01-18 05:05:00,33.3333,0.0094970238971769,0,0.0
2014-01-18 05:10:00,33.4447,0.0023798460658097085,0,0.0
2014-01-18 05:15:00,33.4447,0.00599114918872439,0,0.0
2014-01-18 05:20:00,33.3333,0.00684457123002801,0,0.0
2014-01-18 05:25:00,33.554,0.0028281511573963066,0,0.0
2014-01-18 05:30:00,33.3333,0.00685291710652165,0,0.0
2014-01-18 05:35:00,33.446,0.0011543272285307502,0,0.0
2014-01-18 05:40:00,33.446,0.0020701024059661863,0,0.0
2014-01-18 05:45:00,33.4447,0.0021522044132366337,0,0.0
2014-01-18 05:50:00,33.4447,0.00033550057645601874,0,0.0
2014-01-18 05:55:00,33.3333,0.0038682904978580416,0,0.0
2014-01-18 06:00:00,33.552,0.00508353563173908,0,0.0
2014-01-18 06:05:00,33.4427,0.0012187560952822913,0,0.0
2014-01-18 06:10:00,33.446,0.002029914590644482,0,0.0
2014-01-18 06:15:00,33.3333,0.006624567236323123,0,0.0
2014-01-18 06:20:00,33.4447,0.00040203277129204046,0,0.0
2014-01-18 06:25:00,33.4447,0.0017827725796327968,0,0.0
2014-01-18 06:30:00,33.4447,0.0015852382871393207,0,0.0
2014-01-18 06:35:00,33.446,0.001979633663513921,0,0.0
2014-01-18 06:40:00,33.446,0.0009589280833076264,0,0.0
2014-01-18 06:45:00,33.3333,0.006360369852050298,0,0.0
2014-01-18 06:50:00,33.446,0.0006470839520249132,0,0.0
2014-01-18 06:55:00,33.4447,0.001538729875831793,0,0.0
2014-01-18 07:00:00,33.5573,0.0037270492051387494,0,0.0
2014-01-18 07:05:00,33.4427,0.003455868857819648,0,0.0
2014-01-18 07:10:00,33.3333,0.005467115352696102,0,0.0
2014-01-18 07:15:00,33.4427,0.0006276173743347647,0,0.0
2014-01-18 07:20:00,33.4447,0.00046773756063481887,0,0.0
2014-01-18 07:25:00,33.446,0.0012654442737774529,0,0.0
2014-01-18 07:30:00,33.3333,0.006134545301189886,0,0.0
2014-01-18 07:35:00,33.5573,0.0042682760858371955,0,0.0
2014-01-18 07:40:00,33.3333,0.007610906682963484,0,0.0
2014-01-18 07:45:00,33.4447,0.00047762562024871114,0,0.0
2014-01-18 07:50:00,33.4447,0.001315199885734324,0,0.0
2014-01-18 07:55:00,33.3333,0.005677469044762443,0,0.0
2014-01-18 08:00:00,33.5553,0.0038265883162257827,0,0.0
2014-01-18 08:05:00,33.4447,0.0018119011459554726,0,0.0
2014-01-18 08:10:00,33.446,0.0017701936538646005,0,0.0
2014-01-18 08:15:00,33.4447,0.0010245909166054815,0,0.0
2014-01-18 08:20:00,33.4447,0.0010944035963905314,0,0.0
2014-01-18 08:25:00,33.3333,0.005858628312121486,0,0.0
2014-01-18 08:30:00,33.554,0.004655293600080928,0,0.0
2014-01-18 08:35:00,33.3333,0.0073477534680894295,0,0.0
2014-01-18 08:40:00,33.446,3.129256545405445e-05,0,0.0
2014-01-18 08:45:00,33.4427,0.001766209517793209,0,0.0
2014-01-18 08:50:00,33.3333,0.005269075217470789,0,0.0
2014-01-18 08:55:00,33.5573,0.003775704134242637,0,0.0
2014-01-18 09:00:00,33.4447,0.0016003026394165456,0,0.0
2014-01-18 09:05:00,33.4447,0.001902288369652441,0,0.0
2014-01-18 09:10:00,33.3333,0.005849481111545228,0,0.0
2014-01-18 09:15:00,33.552,0.0046289370267803345,0,0.0
2014-01-18 09:20:00,33.3333,0.00690178609439072,0,0.0
2014-01-18 09:25:00,33.4427,1.3682751946810345e-05,0,0.0
2014-01-18 09:30:00,33.4427,0.0016724127590613035,0,0.0
2014-01-18 09:35:00,33.3333,0.0056150944876593905,0,0.0
2014-01-18 09:40:00,33.5553,0.003691175173515925,0,0.0
2014-01-18 09:45:00,33.3333,0.005960053264441195,0,0.0
2014-01-18 09:50:00,33.6647,0.008583523946190049,0,0.0
2014-01-18 09:55:00,33.4427,0.0035680415171882827,0,0.0
2014-01-18 10:00:00,33.554,0.0036294476523704,0,0.0
2014-01-18 10:05:00,33.3333,0.0074764614095386706,0,0.0
2014-01-18 10:10:00,33.446,0.0009561169009275199,0,0.0
2014-01-18 10:15:00,33.4427,0.0017101887399798153,0,0.0
2014-01-18 10:20:00,33.3333,0.005205338984646464,0,0.0
2014-01-18 10:25:00,33.552,0.0031961308915012146,0,0.0
2014-01-18 10:30:00,33.3333,0.006571076432669304,0,0.0
2014-01-18 10:35:00,33.4447,0.0014183913046503407,0,0.0
2014-01-18 10:40:00,33.446,0.00016979506769508113,0,0.0
2014-01-18 10:45:00,33.3333,0.006201371362039808,0,0.0
2014-01-18 10:50:00,33.554,0.004561372760008416,0,0.0
2014-01-18 10:55:00,33.3333,0.0071195960239556905,0,0.0
2014-01-18 11:00:00,33.5573,0.004739480324382131,0,0.0
2014-01-18 11:05:00,33.3333,0.007405818509891766,0,0.0
2014-01-18 11:10:00,33.5587,0.005260013817218892,0,0.0
2014-01-18 11:15:00,33.3333,0.007440157124783127,0,0.0
2014-01-18 11:20:00,33.4427,0.00045323288609539777,0,0.0
2014-01-18 11:25:00,33.4427,0.0017824729758626745,0,0.0
2014-01-18 11:30:00,33.4447,0.0004577027153018537,0,0.0
2014-01-18 11:35:00,33.4427,0.0021673027808183035,0,0.0
2014-01-18 11:40:00,33.3333,0.004761708847124713,0,0.0
2014-01-18 11:45:00,33.4447,0.0009625224900660136,0,0.0
2014-01-18 11:50:00,33.4447,0.00031947961316027414,0,0.0
2014-01-18 11:55:00,33.4427,0.0018970460964909824,0,0.0
2014-01-18 12:00:00,33.4427,0.0009013788914330221,0,0.0
2014-01-18 12:05:00,33.4447,0.0017390835402284414,0,0.0
2014-01-18 12:10:00,33.4427,0.0009107206293285523,0,0.0
2014-01-18 12:15:00,33.4447,0.0011086222550183936,0,0.0
2014-01-18 12:20:00,33.4427,0.0010682500074693946,0,0.0
2014-01-18 12:25:00,33.3333,0.005696086747929835,0,0.0
2014-01-18 12:30:00,33.552,0.0042461276883320465,0,0.0
2014-01-18 12:35:00,33.3333,0.006746977049414879,0,0.0
2014-01-18 12:40:00,33.446,8.535030746494085e-05,0,0.0
2014-01-18 12:45:00,33.446,0.001203109686473368,0,0.0
2014-01-18 12:50:00,33.446,0.0008078671903352468,0,0.0
2014-01-18 12:55:00,33.446,0.0015962732941614106,0,0.0
2014-01-18 13:00:00,33.4427,0.000689116015255418,0,0.0
2014-01-18 13:05:00,33.4447,0.00170097557477538,0,0.0
2014-01-18 13:10:00,33.4447,0.0005704502483358234,0,0.0
2014-01-18 13:15:00,33.4447,0.0014583994608253158,0,0.0
2014-01-18 13:20:00,33.446,0.0006369003791633185,0,0.0
2014-01-18 13:25:00,33.3333,0.006472794942325279,0,0.0
2014-01-18 13:30:00,33.4427,0.00039637484596933637,0,0.0
2014-01-18 13:35:00,33.4447,0.0012932860404025585,0,0.0
2014-01-18 13:40:00,33.4427,0.0011712516736066226,0,0.0
2014-01-18 13:45:00,33.4447,0.0014154227565686415,0,0.0
2014-01-18 13:50:00,33.3333,0.00577074139669324,0,0.0
2014-01-18 13:55:00,33.4427,7.114033923857984e-05,0,0.0
2014-01-18 14:00:00,33.5573,0.0040622794013762545,0,0.0
2014-01-18 14:05:00,33.4447,0.002420809550947914,0,0.0
2014-01-18 14:10:00,33.4447,0.001403456480142525,0,0.0
2014-01-18 14:15:00,33.4427,0.0010663056041402416,0,0.0
2014-01-18 14:20:00,33.4447,0.0010489271925510487,0,0.0
2014-01-18 14:25:00,33.446,0.0008261823906483858,0,0.0
2014-01-18 14:30:00,33.446,0.000723773744984867,0,0.0
2014-01-18 14:35:00,33.4447,0.0015296849298459707,0,0.0
2014-01-18 14:40:00,33.446,0.001262900237875251,0,0.0
2014-01-18 14:45:00,33.3333,0.0058955953648582565,0,0.0
2014-01-18 14:50:00,33.556,0.004991354181415999,0,0.0
2014-01-18 14:55:00,33.446,0.002420462072471198,0,0.0
2014-01-18 15:00:00,33.5573,0.0037246211753521993,0,0.0
2014-01-18 15:05:00,33.4447,0.002885986673757141,0,0.0
2014-01-18 15:10:00,33.3333,0.0055661536221132644,0,0.0
2014-01-18 15:15:00,33.554,0.004517964315940934,0,0.0
2014-01-18 15:20:00,33.3333,0.006236521384792432,0,0.0
2014-01-18 15:25:00,33.4427,0.00041166073331783576,0,0.0
2014-01-18 15:30:00,33.4447,0.0012054650011491365,0,0.0
2014-01-18 15:35:00,33.446,0.001605967806866525,0,0.0
2014-01-18 15:40:00,33.4447,0.001382360212770331,0,0.0
2014-01-18 15:45:00,33.3333,0.005301515720090364,0,0.0
2014-01-18 15:50:00,33.4447,0.00014688314248257408,0,0.0
2014-01-18 15:55:00,33.446,0.0008263446287779165,0,0.0
2014-01-18 16:00:00,33.5553,0.003380458532888019,0,0.0
2014-01-18 16:05:00,33.3333,0.0070610451122960875,0,0.0
2014-01-18 16:10:00,33.4427,0.00011260012362872016,0,0.0
2014-01-18 16:15:00,33.4447,0.0009837875977825594,0,0.0
2014-01-18 16:20:00,37.214,0.15941062463722433,0,0.0
2014-01-18 16:25:00,33.446,0.04415848659099526,0,0.0
2014-01-18 16:30:00,33.4447,0.0003739281611466217,0,0.0
2014-01-18 16:35:00,33.4447,0.002115126407357645,0,0.0
2014-01-18 16:40:00,33.3333,0.004303129088621402,0,0.0
2014-01-18 16:45:00,33.5553,0.0001380601571948123,0,0.0
2014-01-18 16:50:00,33.3333,0.001507949334345295,0,0.0
2014-01-18 16:55:00,33.4447,0.01484006241081111,0,0.0
2014-01-18 17:00:00,33.446,0.003191278644939035,0,0.0
2014-01-18 17:05:00,33.554,0.0015926554599861773,0,0.0
2014-01-18 17:10:00,33.3333,0.0019596515150028704,0,0.0
2014-01-18 17:15:00,33.4447,0.004708378654524907,0,0.0
2014-01-18 17:20:00,33.4447,0.00019600552658560825,0,0.0
2014-01-18 17:25:00,33.4427,0.004061415618488073,0,0.0
2014-01-18 17:30:00,33.4447,0.0018391959258258171,0,0.0
2014-01-18 17:35:00,33.4447,0.00040418199305799086,0,0.0
2014-01-18 17:40:00,33.3333,0.006860717802911603,0,0.0
2014-01-18 17:45:00,33.446,0.001045201002636218,0,0.0
2014-01-18 17:50:00,33.4447,0.002656979722479357,0,0.0
2014-01-18 17:55:00,33.4447,0.0018871293666251124,0,0.0
2014-01-18 18:00:00,33.5553,0.003042417086823278,0,0.0
2014-01-18 18:05:00,33.3333,0.0012692727659532606,0,0.0
2014-01-18 18:10:00,33.446,0.0022663449697574913,0,0.0
2014-01-18 18:15:00,33.4447,0.001004788318830034,0,0.0
2014-01-18 18:20:00,33.4447,0.00013843088892298835,0,0.0
2014-01-18 18:25:00,33.4447,0.002721849028751859,0,0.0
2014-01-18 18:30:00,33.446,0.0006705693755184378,0,0.0
2014-01-18 18:35:00,33.3333,0.007214813692394141,0,0.0
2014-01-18 18:40:00,33.4447,0.00023254122073457256,0,0.0
2014-01-18 18:45:00,33.4427,0.0006270530519079399,0,0.0
2014-01-18 18:50:00,33.4427,0.0008559914485258124,0,0.0
2014-01-18 18:55:00,33.446,0.001929247205816707,0,0.0
2014-01-18 19:00:00,33.4447,0.0008086853753506762,0,0.0
2014-01-18 19:05:00,33.4427,0.0016074177170071755,0,0.0
2014-01-18 19:10:00,33.4447,0.0006389070465002688,0,0.0
2014-01-18 19:15:00,33.4447,0.0010947676678547977,0,0.0
2014-01-18 19:20:00,33.4447,0.0010734655479819324,0,0.0
2014-01-18 19:25:00,33.4447,0.0015278036039033847,0,0.0
2014-01-18 19:30:00,33.3333,0.00569330007493381,0,0.0
2014-01-18 19:35:00,33.4447,4.1141585175938415e-07,0,0.0
2014-01-18 19:40:00,33.4447,0.001082798026993674,0,0.0
2014-01-18 19:45:00,33.4447,0.0009909558519010297,0,0.0
2014-01-18 19:50:00,33.4447,0.001707674166924389,0,0.0
2014-01-18 19:55:00,33.3333,0.005696441996874694,0,0.0
2014-01-18 20:00:00,33.5573,0.0047459233492572524,0,0.0
2014-01-18 20:05:00,33.4447,0.002097627891274222,0,0.0
2014-01-18 20:10:00,33.4447,0.0010200475933148949,0,0.0
2014-01-18 20:15:00,33.3333,0.006080117622887499,0,0.0
2014-01-18 20:20:00,33.5573,0.004963830223563126,0,0.0
2014-01-18 20:25:00,33.3333,0.00723809448545603,0,0.0
2014-01-18 20:30:00,33.4427,0.0005506155819429741,0,0.0
2014-01-18 20:35:00,33.446,0.0016895950381813148,0,0.0
2014-01-18 20:40:00,33.4447,0.0006302461999336668,0,0.0
2014-01-18 20:45:00,33.4447,0.0020796826149737115,0,0.0
2014-01-18 20:50:00,33.3333,0.004824440668926283,0,0.0
2014-01-18 20:55:00,33.4447,0.0006134403973071753,0,0.0
2014-01-18 21:00:00,33.4447,0.0005080399906071321,0,0.0
2014-01-18 21:05:00,33.554,0.003159552831226773,0,0.0
2014-01-18 21:10:00,28.5714,0.2090210052093817,0,0.0
2014-01-18 21:15:00,33.4447,0.052016353241405834,0,0.0
2014-01-18 21:20:00,33.4447,0.0010439481757538237,0,0.0
2014-01-18 21:25:00,33.3333,0.0046613627051484705,0,0.0
2014-01-18 21:30:00,33.5587,0.007140097663268671,0,0.0
2014-01-18 21:35:00,33.3333,0.0005555964429668188,0,0.0
2014-01-18 21:40:00,33.556,0.0024374167256554077,0,0.0
2014-01-18 21:45:00,33.3333,0.011340020498396308,0,0.0
2014-01-18 21:50:00,33.3333,0.0011875547814407688,0,0.0
2014-01-18 21:55:00,33.5573,0.01102074705996242,0,0.0
2014-01-18 22:00:00,33.556,0.004120656009793337,0,0.0
2014-01-18 22:05:00,33.3333,0.00025324934938688264,0,0.0
2014-01-18 22:10:00,33.3333,0.00617347159403676,0,0.0
2014-01-18 22:15:00,33.5553,0.00889293320625776,0,0.0
2014-01-18 22:20:00,33.3333,0.0061940539812200615,0,0.0
2014-01-18 22:25:00,33.554,0.004659433443384257,0,0.0
2014-01-18 22:30:00,33.3333,0.006300951708778677,0,0.0
2014-01-18 22:35:00,33.446,0.0006696162698164223,0,0.0
2014-01-18 22:40:00,33.4447,6.264195078422041e-05,0,0.0
2014-01-18 22:45:00,33.3333,0.003012279997025161,0,0.0
2014-01-18 22:50:00,33.5573,0.0043460044303638866,0,0.0
2014-01-18 22:55:00,33.3333,0.013154827651185658,0,0.0
2014-01-18 23:00:00,33.556,0.006661151693884293,0,0.0
2014-01-18 23:05:00,33.3333,0.005826680733943611,0,0.0
2014-01-18 23:10:00,34.344,0.03611307968591094,0,0.0
2014-01-18 23:15:00,36.2207,0.10534731875367118,0,0.0
2014-01-18 23:20:00,36.1113,0.07916157099865669,0,0.0
2014-01-18 23:25:00,33.4447,0.02877660110965952,0,0.0
2014-01-18 23:30:00,33.4447,0.0020755880268931008,0,0.0
2014-01-18 23:35:00,33.6633,0.011494471857592763,0,0.0
2014-01-18 23:40:00,38.1267,0.19772952698501048,0,0.0
2014-01-18 23:45:00,33.9913,0.03443090267837443,0,0.0
2014-01-18 23:50:00,33.3333,0.017466745252960908,0,0.0
2014-01-18 23:55:00,33.4447,0.011837189960115957,0,0.0
2014-01-19 00:00:00,33.556,0.00818042177391717,0,0.0
2014-01-19 00:05:00,33.4447,0.009516697062290594,0,0.0
2014-01-19 00:10:00,33.3333,0.0008323473195563742,0,0.0
2014-01-19 00:15:00,33.4447,0.01864459203914362,0,0.0
2014-01-19 00:20:00,33.556,0.002997477838549185,0,0.0
2014-01-19 00:25:00,33.5573,0.005290076618854785,0,0.0
2014-01-19 00:30:00,33.4447,0.0028334156912073034,0,0.0
2014-01-19 00:35:00,33.3333,0.011197055879549668,0,0.0
2014-01-19 00:40:00,33.5553,0.0049525229848874815,0,0.0
2014-01-19 00:45:00,35.756,0.08772251016112505,0,0.0
2014-01-19 00:50:00,39.91,0.2334197336060021,0,0.0
2014-01-19 00:55:00,35.5487,0.010721452978343787,0,0.0
2014-01-19 01:00:00,33.6667,0.009111082294139356,0,0.0
2014-01-19 01:05:00,33.554,0.008292418188428803,0,0.0
2014-01-19 01:10:00,33.3333,0.005510390519969153,0,0.0
2014-01-19 01:15:00,33.3333,0.011602565778916274,0,0.0
2014-01-19 01:20:00,33.554,0.004921758027108883,0,0.0
2014-01-19 01:25:00,33.3333,0.017291497294846747,0,0.0
2014-01-19 01:30:00,33.4427,0.014079304330241441,0,0.0
2014-01-19 01:35:00,33.4427,0.008905072066913345,0,0.0
2014-01-19 01:40:00,33.4427,0.003595456876900892,0,0.0
2014-01-19 01:45:00,33.4447,0.002230476853295249,0,0.0
2014-01-19 01:50:00,33.3333,0.003960448866063229,0,0.0
2014-01-19 01:55:00,33.4427,0.010629270331945604,0,0.0
2014-01-19 02:00:00,33.5573,0.006815189812760536,0,0.0
2014-01-19 02:05:00,33.4447,0.002748057156543797,0,0.0
2014-01-19 02:10:00,33.3333,0.005213103735731715,0,0.0
2014-01-19 02:15:00,33.4427,0.0035813314859408922,0,0.0
2014-01-19 02:20:00,33.4447,0.010488426424673413,0,0.0
2014-01-19 02:25:00,33.4447,0.00900322262070561,0,0.0
2014-01-19 02:30:00,33.4447,0.00039887392199883655,0,0.0
2014-01-19 02:35:00,33.446,0.007456663109114361,0,0.0
2014-01-19 02:40:00,33.3333,0.005881523353062509,0,0.0
2014-01-19 02:45:00,33.4447,0.00010641271608875796,0,0.0
2014-01-19 02:50:00,33.4427,0.0004495337507834247,0,0.0
2014-01-19 02:55:00,33.4447,0.002294048004635541,0,0.0
2014-01-19 03:00:00,33.446,0.001841557608657775,0,0.0
2014-01-19 03:05:00,35.1113,0.06591034155874657,0,0.0
2014-01-19 03:10:00,33.446,0.021960588926128462,0,0.0
2014-01-19 03:15:00,33.4447,0.0015809747955305012,0,0.0
2014-01-19 03:20:00,33.4447,0.0004247491711020948,0,0.0
2014-01-19 03:25:00,35.2227,0.0769703840800223,0,0.0
2014-01-19 03:30:00,33.4447,0.02505665550289977,0,0.0
2014-01-19 03:35:00,33.4447,0.001027986592174553,0,0.0
2014-01-19 03:40:00,33.4447,0.006357742439976252,0,0.0
2014-01-19 03:45:00,33.3333,0.003940476314247168,0,0.0
2014-01-19 03:50:00,33.4447,0.004539720215952014,0,0.0
2014-01-19 03:55:00,33.4447,0.0027448267644879024,0,0.0
2014-01-19 04:00:00,33.554,0.004572378685239437,0,0.0
2014-01-19 04:05:00,33.3333,0.007589427098995286,0,0.0
2014-01-19 04:10:00,33.4447,0.0035969416910253257,0,0.0
2014-01-19 04:15:00,33.446,0.0015543612048690412,0,0.0
2014-01-19 04:20:00,33.3333,0.007526435651085666,0,0.0
2014-01-19 04:25:00,33.556,0.005366991869061181,0,0.0
2014-01-19 04:30:00,33.3333,0.00914439023213705,0,0.0
2014-01-19 04:35:00,33.5573,0.0002375718270207541,0,0.0
2014-01-19 04:40:00,33.3333,0.008306553170290724,0,0.0
2014-01-19 04:45:00,33.3333,0.004803759769549535,0,0.0
2014-01-19 04:50:00,33.5573,0.006770268083409086,0,0.0
2014-01-19 04:55:00,33.3333,0.009355158937108976,0,0.0
2014-01-19 05:00:00,33.554,0.002253844560397391,0,0.0
2014-01-19 05:05:00,33.446,0.002414124135444814,0,0.0
2014-01-19 05:10:00,33.4447,0.0014042814726858866,0,0.0
2014-01-19 05:15:00,33.3333,0.005558624170331875,0,0.0
2014-01-19 05:20:00,33.554,0.0035733011765586853,0,0.0
2014-01-19 05:25:00,33.3333,0.007246543501471039,0,0.0
2014-01-19 05:30:00,33.4427,0.0007320989898736606,0,0.0
2014-01-19 05:35:00,33.446,0.0011386342655344765,0,0.0
2014-01-19 05:40:00,33.3333,0.006900732399034699,0,0.0
2014-01-19 05:45:00,33.5573,0.0037984718376379853,0,0.0
2014-01-19 05:50:00,33.3333,0.006022920265547539,0,0.0
2014-01-19 05:55:00,33.4427,0.0010056662022300935,0,0.0
2014-01-19 06:00:00,33.4447,0.0012185718359070973,0,0.0
2014-01-19 06:05:00,33.5573,0.003178065294436835,0,0.0
2014-01-19 06:10:00,33.3333,0.0076611209316075,0,0.0
2014-01-19 06:15:00,33.4447,4.605165412392118e-05,0,0.0
2014-01-19 06:20:00,33.446,0.0013967884198223392,0,0.0
2014-01-19 06:25:00,33.3333,0.005958154145350247,0,0.0
2014-01-19 06:30:00,33.5573,0.0036702197644200274,0,0.0
2014-01-19 06:35:00,33.3333,0.006535224049958958,0,0.0
2014-01-19 06:40:00,33.554,0.0032002089305360397,0,0.0
2014-01-19 06:45:00,33.3333,0.006828240084767914,0,0.0
2014-01-19 06:50:00,33.3333,0.00490089995749265,0,0.0
2014-01-19 06:55:00,33.5573,0.004277894938840804,0,0.0
2014-01-19 07:00:00,33.554,0.00247155340829437,0,0.0
2014-01-19 07:05:00,33.3333,0.00807627200281495,0,0.0
2014-01-19 07:10:00,33.4427,8.853296247216497e-05,0,0.0
2014-01-19 07:15:00,33.4447,0.0020026047422796863,0,0.0
2014-01-19 07:20:00,33.3333,0.0055759935059934325,0,0.0
2014-01-19 07:25:00,35.1113,0.07013986421338485,0,0.0
2014-01-19 07:30:00,36.9867,0.12959787262415595,0,0.0
2014-01-19 07:35:00,37.114000000000004,0.10955150902129886,0,0.0
2014-01-19 07:40:00,33.556,0.03975969958541881,0,0.0
2014-01-19 07:45:00,33.3333,0.001753751230659222,0,0.0
2014-01-19 07:50:00,33.4427,0.004218047031933192,0,0.0
2014-01-19 07:55:00,33.4447,0.0018836678985552266,0,0.0
2014-01-19 08:00:00,33.554,0.0024551726035365127,0,0.0
2014-01-19 08:05:00,33.3333,0.015039050448271672,0,0.0
2014-01-19 08:10:00,33.446,0.015004812441758525,0,0.0
2014-01-19 08:15:00,33.446,0.004588180146900565,0,0.0
2014-01-19 08:20:00,33.3333,0.007101008869867997,0,0.0
2014-01-19 08:25:00,33.556,0.006084874238544121,0,0.0
2014-01-19 08:30:00,23.0769,0.43649297499451206,0,0.0
2014-01-19 08:35:00,33.556,0.11382517720430654,0,0.0
2014-01-19 08:40:00,33.3333,0.012814222999274608,0,0.0
2014-01-19 08:45:00,33.4447,0.007903676768920278,0,0.0
2014-01-19 08:50:00,33.4447,0.01348649653990234,0,0.0
2014-01-19 08:55:00,33.3333,0.0064466125827282545,0,0.0
2014-01-19 09:00:00,33.5573,0.013935710520977541,0,0.0
2014-01-19 09:05:00,33.4427,0.018294970501565963,0,0.0
2014-01-19 09:10:00,33.446,0.0017780010054060415,0,0.0
2014-01-19 09:15:00,33.3333,0.00736932552525815,0,0.0
2014-01-19 09:20:00,33.5573,0.0006474186916146196,0,0.0
2014-01-19 09:25:00,33.3333,0.011384372529311286,0,0.0
2014-01-19 09:30:00,33.446,0.012271728232570178,0,0.0
2014-01-19 09:35:00,33.4447,0.007480665100016164,0,0.0
2014-01-19 09:40:00,33.3333,0.011093063823576884,0,0.0
2014-01-19 09:45:00,33.554,0.0012906156093697124,0,0.0
2014-01-19 09:50:00,33.3333,0.008317808422954891,0,0.0
2014-01-19 09:55:00,33.4447,0.00040910412869285263,0,0.0
2014-01-19 10:00:00,33.554,0.014045295269155112,0,0.0
2014-01-19 10:05:00,33.554,0.009780992106892398,0,0.0
2014-01-19 10:10:00,33.3333,0.0035404437490955476,0,0.0
2014-01-19 10:15:00,33.4427,0.014017399938589298,0,0.0
2014-01-19 10:20:00,33.4447,0.0002543050692806866,0,0.0
2014-01-19 10:25:00,33.446,0.00036292924137428087,0,0.0
2014-01-19 10:30:00,33.446,0.004591195651371968,0,0.0
2014-01-19 10:35:00,33.3333,0.0064330388334235935,0,0.0
2014-01-19 10:40:00,33.4447,0.005627300012519051,0,0.0
2014-01-19 10:45:00,33.446,0.0054242319188117704,0,0.0
2014-01-19 10:50:00,33.4427,0.002170377875370713,0,0.0
2014-01-19 10:55:00,33.5553,0.000526174603327835,0,0.0
2014-01-19 11:00:00,33.5587,0.00249186863721523,0,0.0
2014-01-19 11:05:00,33.3333,0.0075386670115918965,0,0.0
2014-01-19 11:10:00,33.4427,0.00043315465727667465,0,0.0
2014-01-19 11:15:00,33.4447,0.0013833069551658615,0,0.0
2014-01-19 11:20:00,33.3333,0.005904661588018863,0,0.0
2014-01-19 11:25:00,33.5553,0.003922340371280032,0,0.0
2014-01-19 11:30:00,28.5714,0.20942840738803148,0,0.0
2014-01-19 11:35:00,33.4427,0.04868053167448718,0,0.0
2014-01-19 11:40:00,33.4447,0.00015454229029154262,0,0.0
2014-01-19 11:45:00,33.5573,0.0022610249982636123,0,0.0
2014-01-19 11:50:00,33.3333,0.013273609304565169,0,0.0
2014-01-19 11:55:00,33.3333,0.0017481239519988516,0,0.0
2014-01-19 12:00:00,33.556,0.0014022640625099608,0,0.0
2014-01-19 12:05:00,33.554,0.015018045500942363,0,0.0
2014-01-19 12:10:00,34.0033,0.02329201376030317,0,0.0
2014-01-19 12:15:00,33.446,0.002042530928113676,0,0.0
2014-01-19 12:20:00,33.4427,0.006174551792412425,0,0.0
2014-01-19 12:25:00,33.3333,0.007169845779729386,0,0.0
2014-01-19 12:30:00,33.5573,0.0006942982554126086,0,0.0
2014-01-19 12:35:00,33.3333,0.0047055400416521065,0,0.0
2014-01-19 12:40:00,33.4427,0.007632232369059525,0,0.0
2014-01-19 12:45:00,33.4447,0.004831744983105065,0,0.0
2014-01-19 12:50:00,33.4427,0.0016216811341571331,0,0.0
2014-01-19 12:55:00,33.4447,0.00214720569897067,0,0.0
2014-01-19 13:00:00,33.4447,0.004474752668944494,0,0.0
2014-01-19 13:05:00,33.4447,0.0021654759122379658,0,0.0
2014-01-19 13:10:00,33.4447,0.0014701803654657824,0,0.0
2014-01-19 13:15:00,33.446,0.008676311474192924,0,0.0
2014-01-19 13:20:00,33.3333,0.005675388648281082,0,0.0
2014-01-19 13:25:00,33.5573,0.004936529236048218,0,0.0
2014-01-19 13:30:00,38.0187,0.1857619217265193,0,0.0
2014-01-19 13:35:00,37.3347,0.11084304530796764,0,0.0
2014-01-19 13:40:00,37.222,0.1068690326318566,0,0.0
2014-01-19 13:45:00,38.1107,0.14931284548868978,0,0.0
2014-01-19 13:50:00,37.8893,0.12638215500696226,0,0.0
2014-01-19 13:55:00,38.222,0.12938525498541026,0,0.0
2014-01-19 14:00:00,34.1093,0.03776093693461983,0,0.0
2014-01-19 14:05:00,37.444,0.13338458483937424,0,0.0
2014-01-19 14:10:00,33.8893,0.04857485023750728,0,0.0
2014-01-19 14:15:00,33.4447,0.028390110339017057,0,0.0
2014-01-19 14:20:00,33.4447,0.018554322274136944,0,0.0
2014-01-19 14:25:00,33.3333,0.009539857292395405,0,0.0
2014-01-19 14:30:00,36.5713,0.11190647347294566,0,0.0
2014-01-19 14:35:00,37.116,0.10893821836887113,0,0.0
2014-01-19 14:40:00,36.1007,0.03302205220623993,0,0.0
2014-01-19 14:45:00,35.8967,0.04938202023148343,0,0.0
2014-01-19 14:50:00,36.5493,0.07444364945611133,0,0.0
2014-01-19 14:55:00,36.3373,0.05508218558971458,0,0.0
2014-01-19 15:00:00,35.6673,0.023625892442872762,0,0.0
2014-01-19 15:05:00,35.7787,0.030958473501602312,0,0.0
2014-01-19 15:10:00,36.1113,0.039638207309621296,0,0.0
2014-01-19 15:15:00,35.44,0.009268790134511129,0,0.0
2014-01-19 15:20:00,33.5573,0.04800472355117397,0,0.0
2014-01-19 15:25:00,33.3333,0.031624996412790526,0,0.0
2014-01-19 15:30:00,33.5553,0.004825062648480253,0,0.0
2014-01-19 15:35:00,33.3333,0.01637148657861801,0,0.0
2014-01-19 15:40:00,33.446,0.010209830112570328,0,0.0
2014-01-19 15:45:00,33.4447,0.012122840059656036,0,0.0
2014-01-19 15:50:00,33.3333,0.00914372063974754,0,0.0
2014-01-19 15:55:00,33.554,0.0038274005623563346,0,0.0
2014-01-19 16:00:00,33.4427,0.009511616199224186,0,0.0
2014-01-19 16:05:00,33.4447,0.005003981484661093,0,0.0
2014-01-19 16:10:00,33.3333,0.013888434906808354,0,0.0
2014-01-19 16:15:00,33.5553,0.002538558102972621,0,0.0
2014-01-19 16:20:00,33.3333,0.011343145901266566,0,0.0
2014-01-19 16:25:00,33.5573,0.0007876992775202022,0,0.0
2014-01-19 16:30:00,33.3333,0.0026589527082793284,0,0.0
2014-01-19 16:35:00,33.4447,0.005574943661936538,0,0.0
2014-01-19 16:40:00,33.4447,0.005114177724135961,0,0.0
2014-01-19 16:45:00,33.3333,0.0016743960616461718,0,0.0
2014-01-19 16:50:00,33.5573,0.013094802734822872,0,0.0
2014-01-19 16:55:00,33.3333,0.007594567613896107,0,0.0
2014-01-19 17:00:00,33.5573,0.016537703982514078,0,0.0
2014-01-19 17:05:00,33.3333,0.0009394893659383242,0,0.0
2014-01-19 17:10:00,33.554,0.011998871454194563,0,0.0
2014-01-19 17:15:00,33.3333,0.00021699490991746974,0,0.0
2014-01-19 17:20:00,33.4427,0.00523103620876524,0,0.0
2014-01-19 17:25:00,33.4427,0.0009073341208996065,0,0.0
2014-01-19 17:30:00,33.446,0.0016566352873791054,0,0.0
2014-01-19 17:35:00,33.4447,0.0008032127381797747,0,0.0
2014-01-19 17:40:00,33.3333,0.003808458906149268,0,0.0
2014-01-19 17:45:00,33.4427,0.0015035749623996135,0,0.0
2014-01-19 17:50:00,33.446,0.0012571943523730842,0,0.0
2014-01-19 17:55:00,33.446,0.0021825833097417146,0,0.0
2014-01-19 18:00:00,33.4447,0.001939837134609713,0,0.0
2014-01-19 18:05:00,33.554,0.002691174400400312,0,0.0
2014-01-19 18:10:00,33.3333,0.008425505474333437,0,0.0
2014-01-19 18:15:00,33.4447,0.0005417280208033003,0,0.0
2014-01-19 18:20:00,33.4447,0.0020756243383571247,0,0.0
2014-01-19 18:25:00,33.4447,0.0014165189999563307,0,0.0
2014-01-19 18:30:00,33.4427,0.002950935108685741,0,0.0
2014-01-19 18:35:00,33.3333,0.006243357342726678,0,0.0
2014-01-19 18:40:00,33.4447,0.0013536516675568971,0,0.0
2014-01-19 18:45:00,37.7947,0.18322390068064168,0,0.0
2014-01-19 18:50:00,38.556,0.15643542136792862,0,0.0
2014-01-19 18:55:00,36.9907,0.06987228993485875,0,0.0
2014-01-19 19:00:00,33.5573,0.05625447277528136,0,0.0
2014-01-19 19:05:00,33.3333,0.014613720444978363,0,0.0
2014-01-19 19:10:00,36.2333,0.10707435413467904,0,0.0
2014-01-19 19:15:00,38.8913,0.17993568627792947,0,0.0
2014-01-19 19:20:00,38.1007,0.09285915247247907,0,0.0
2014-01-19 19:25:00,33.446,0.08843369497761776,0,0.0
2014-01-19 19:30:00,33.4447,0.02382779389256736,0,0.0
2014-01-19 19:35:00,33.4447,0.015107976082304641,0,0.0
2014-01-19 19:40:00,33.4447,0.01782832882596101,0,0.0
2014-01-19 19:45:00,33.3333,0.02074222549115744,0,0.0
2014-01-19 19:50:00,33.4447,0.016885360708471225,0,0.0
2014-01-19 19:55:00,33.446,0.031791951030158264,0,0.0
2014-01-19 20:00:00,33.6653,0.010388679279182569,0,0.0
2014-01-19 20:05:00,33.3333,0.020103932672516426,0,0.0
2014-01-19 20:10:00,33.4427,0.0017097488399374328,0,0.0
2014-01-19 20:15:00,33.4447,0.010747214712689464,0,0.0
2014-01-19 20:20:00,33.4447,0.018904823930383573,0,0.0
2014-01-19 20:25:00,33.446,0.022368089118874453,0,0.0
2014-01-19 20:30:00,33.3333,0.010057947960896348,0,0.0
2014-01-19 20:35:00,33.4427,0.0023814854188979624,0,0.0
2014-01-19 20:40:00,33.4427,0.002557622966948721,0,0.0
2014-01-19 20:45:00,33.4447,0.0029341589635497865,0,0.0
2014-01-19 20:50:00,33.4447,0.00011395077078431108,0,0.0
2014-01-19 20:55:00,33.3333,0.0030317573588794435,0,0.0
2014-01-19 21:00:00,33.5573,0.014937115515130437,0,0.0
2014-01-19 21:05:00,33.4427,0.005095064182346752,0,0.0
2014-01-19 21:10:00,33.5587,0.009212184702262744,0,0.0
2014-01-19 21:15:00,33.3333,0.0031314256760069203,0,0.0
2014-01-19 21:20:00,33.5553,0.014623918192519098,0,0.0
2014-01-19 21:25:00,33.3333,0.0054021258983732254,0,0.0
2014-01-19 21:30:00,33.4447,0.001468686831979019,0,0.0
2014-01-19 21:35:00,33.446,0.00023308874601458022,0,0.0
2014-01-19 21:40:00,33.3333,0.0013926260010937613,0,0.0
2014-01-19 21:45:00,33.5573,0.00645448639635313,0,0.0
2014-01-19 21:50:00,33.3333,0.00795533556522797,0,0.0
2014-01-19 21:55:00,33.554,0.002903244417136175,0,0.0
2014-01-19 22:00:00,33.3333,0.007592705706595361,0,0.0
2014-01-19 22:05:00,33.5573,0.00380142984861145,0,0.0
2014-01-19 22:10:00,33.3333,0.00905565248459985,0,0.0
2014-01-19 22:15:00,33.5553,0.003942123208365136,0,0.0
2014-01-19 22:20:00,33.3333,0.009382865090816213,0,0.0
2014-01-19 22:25:00,33.3333,0.004730365798198158,0,0.0
2014-01-19 22:30:00,23.3354,0.4311371049922005,0,0.0
2014-01-19 22:35:00,33.3333,0.1282462162968763,0,0.0
2014-01-19 22:40:00,33.554,0.01801947726297089,0,0.0
2014-01-19 22:45:00,33.3333,0.005979073394877518,0,0.0
2014-01-19 22:50:00,33.4427,0.0006498533940321278,0,0.0
2014-01-19 22:55:00,33.4447,0.025432080874911497,0,0.0
2014-01-19 23:00:00,33.5587,0.0042652225206396685,0,0.0
2014-01-19 23:05:00,33.3333,0.017866203370108403,0,0.0
2014-01-19 23:10:00,33.446,0.0005943633824215003,0,0.0
2014-01-19 23:15:00,33.4447,0.006755279424188824,0,0.0
2014-01-19 23:20:00,33.3333,0.010886475576584164,0,0.0
2014-01-19 23:25:00,33.5573,0.003556028893427089,0,0.0
2014-01-19 23:30:00,33.3333,0.010306658091165806,0,0.0
2014-01-19 23:35:00,33.446,0.011041467572648627,0,0.0
2014-01-19 23:40:00,33.4447,0.01319471409437165,0,0.0
2014-01-19 23:45:00,33.4447,0.0019415001274403665,0,0.0
2014-01-19 23:50:00,33.3333,0.0015307838387402025,0,0.0
2014-01-19 23:55:00,33.446,0.003167563002542484,0,0.0
2014-01-20 00:00:00,33.5573,0.0062654556821590286,0,0.0
2014-01-20 00:05:00,33.4427,0.0021367036979649703,0,0.0
2014-01-20 00:10:00,33.5553,0.0021420118815112968,0,0.0
2014-01-20 00:15:00,33.5573,0.011850005629405221,0,0.0
2014-01-20 00:20:00,33.3333,0.00944080572000146,0,0.0
2014-01-20 00:25:00,33.4447,3.529721896655961e-05,0,0.0
2014-01-20 00:30:00,33.4447,0.01297014423629535,0,0.0
2014-01-20 00:35:00,33.3333,0.00958714505953544,0,0.0
2014-01-20 00:40:00,33.556,0.0018471437063299668,0,0.0
2014-01-20 00:45:00,33.3333,0.006567558268115369,0,0.0
2014-01-20 00:50:00,33.446,0.003583078086206948,0,0.0
2014-01-20 00:55:00,33.4427,0.008425792680829304,0,0.0
2014-01-20 01:00:00,33.556,0.0029880935418378873,0,0.0
2014-01-20 01:05:00,33.3333,0.008958089180892543,0,0.0
2014-01-20 01:10:00,33.552,0.004274106569009816,0,0.0
2014-01-20 01:15:00,33.3333,0.008927759280391308,0,0.0
2014-01-20 01:20:00,33.3333,0.005730130802052718,0,0.0
2014-01-20 01:25:00,33.552,0.0036815247725638274,0,0.0
2014-01-20 01:30:00,33.3333,0.007913527330335707,0,0.0
2014-01-20 01:35:00,33.552,0.002687566893613796,0,0.0
2014-01-20 01:40:00,33.3333,0.007523220890813158,0,0.0
2014-01-20 01:45:00,33.4447,0.001043189671662277,0,0.0
2014-01-20 01:50:00,33.4447,0.0020979737330663003,0,0.0
2014-01-20 01:55:00,33.3333,0.006121788038835245,0,0.0
2014-01-20 02:00:00,33.556,0.003726940854732015,0,0.0
2014-01-20 02:05:00,33.4447,0.0030473170016918336,1,-1.0
2014-01-20 02:10:00,33.446,0.0026229250537067213,1,0.0
2014-01-20 02:15:00,33.446,0.0017134109042751713,1,0.0
2014-01-20 02:20:00,33.4427,0.0024085589438405386,1,0.0
2014-01-20 02:25:00,33.4427,0.001904650989456647,1,0.0
2014-01-20 02:30:00,33.4447,0.002161822406897992,1,0.0
2014-01-20 02:35:00,33.3333,0.007220610586528986,1,0.0
2014-01-20 02:40:00,33.4427,0.0004702561515697711,1,0.0
2014-01-20 02:45:00,33.4447,0.0023187717924347253,1,0.0
2014-01-20 02:50:00,33.4447,0.0019287487159255195,1,0.0
2014-01-20 02:55:00,33.4447,0.0022024225637160503,1,0.0
2014-01-20 03:00:00,33.554,0.002866386758831839,1,0.0
2014-01-20 03:05:00,33.3333,0.008601927856575292,1,0.0
2014-01-20 03:10:00,33.556,0.0041776945766142225,1,0.0
2014-01-20 03:15:00,33.3333,0.008450938712838597,1,0.0
2014-01-20 03:20:00,35.2227,0.07474180270610821,1,0.0
2014-01-20 03:25:00,33.3333,0.03075371890474597,1,0.0
2014-01-20 03:30:00,33.4427,0.003444813344576595,1,0.0
2014-01-20 03:35:00,33.4447,0.0026992735879784106,1,0.0
2014-01-20 03:40:00,35.2207,0.07284989816920084,1,0.0
2014-01-20 03:45:00,33.3333,0.035123362106587314,1,0.0
2014-01-20 03:50:00,33.5587,0.003049639932160972,1,0.0
2014-01-20 03:55:00,33.3333,0.013261429558192605,1,0.0
2014-01-20 04:00:00,23.3315,0.42823413620364986,1,0.0
2014-01-20 04:05:00,37.5,0.27457682520106924,1,0.0
2014-01-20 04:10:00,33.5573,0.016651649154603966,1,0.0
2014-01-20 04:15:00,33.3333,0.01721958736520322,1,0.0
2014-01-20 04:20:00,33.4447,0.005200948326056918,1,0.0
2014-01-20 04:25:00,33.4427,0.0234639315661772,1,0.0
2014-01-20 04:30:00,33.3333,0.02263137245627286,1,0.0
2014-01-20 04:35:00,33.554,0.02795124351787524,1,0.0
2014-01-20 04:40:00,33.3333,0.020389947590440476,1,0.0
2014-01-20 04:45:00,33.5553,0.015928852931670897,1,0.0
2014-01-20 04:50:00,33.3333,0.02069184756113059,1,0.0
2014-01-20 04:55:00,33.3333,0.003812352721259453,1,0.0
2014-01-20 05:00:00,28.81,0.1817973396392159,1,0.0
2014-01-20 05:05:00,33.556,0.05443752842393622,1,0.0
2014-01-20 05:10:00,33.3333,0.012636678831816291,1,0.0
2014-01-20 05:15:00,33.3333,0.006008732598058989,1,0.0
2014-01-20 05:20:00,33.5553,0.005731291563968873,1,0.0
2014-01-20 05:25:00,33.4447,0.014537330903843718,1,0.0
2014-01-20 05:30:00,33.4427,0.0018800980088860926,1,0.0
2014-01-20 05:35:00,33.3333,0.00652995653304527,1,0.0
2014-01-20 05:40:00,33.5573,0.0008894093908657535,1,0.0
2014-01-20 05:45:00,33.3333,0.009467663917403784,1,0.0
2014-01-20 05:50:00,33.4447,0.0010753903914658446,1,0.0
2014-01-20 05:55:00,33.4447,0.003980331414860294,1,0.0
2014-01-20 06:00:00,33.6667,0.0032593539775055643,1,0.0
2014-01-20 06:05:00,33.4447,0.0017984967253205336,1,0.0
2014-01-20 06:10:00,33.4447,0.002124717270015184,1,0.0
2014-01-20 06:15:00,33.4447,0.0040544624497836825,1,0.0
2014-01-20 06:20:00,33.3333,0.007060509764409994,1,0.0
2014-01-20 06:25:00,33.446,0.0060237310872187505,1,0.0
2014-01-20 06:30:00,35.8336,0.10193882217581182,1,0.0
2014-01-20 06:35:00,33.4447,0.025127389909642604,1,0.0
2014-01-20 06:40:00,33.446,0.009471129878189379,1,0.0
2014-01-20 06:45:00,35.7143,0.08703394679419252,1,0.0
2014-01-20 06:50:00,33.4447,0.02655810172381573,1,0.0
2014-01-20 06:55:00,33.4447,0.012455246681319287,1,0.0
2014-01-20 07:00:00,35.9521,0.09465322481805197,1,0.0
2014-01-20 07:05:00,30.7692,0.14395114336882306,1,0.0
2014-01-20 07:10:00,33.4447,0.010576163534420029,1,0.0
2014-01-20 07:15:00,33.4427,0.0020266001118601613,1,0.0
2014-01-20 07:20:00,35.8336,0.09503889389182443,1,0.0
2014-01-20 07:25:00,33.4447,0.032772720968080205,1,0.0
2014-01-20 07:30:00,33.3333,0.012732576572888343,1,0.0
2014-01-20 07:35:00,35.9543,0.09577113680748944,1,0.0
2014-01-20 07:40:00,30.7692,0.13174310140274684,1,0.0
2014-01-20 07:45:00,33.4447,0.0036023954628482827,1,0.0
2014-01-20 07:50:00,33.4427,0.003469115136429166,1,0.0
2014-01-20 07:55:00,33.6667,0.003664743741528265,1,0.0
2014-01-20 08:00:00,33.554,0.013655313856992585,1,0.0
2014-01-20 08:05:00,35.7143,0.09231937256441364,1,0.0
2014-01-20 08:10:00,30.7692,0.14053274531759832,1,0.0
2014-01-20 08:15:00,33.4427,0.03194534583405735,1,0.0
2014-01-20 08:20:00,33.3333,0.0126002273865166,1,0.0
2014-01-20 08:25:00,35.9557,0.1066545101066992,1,0.0
2014-01-20 08:30:00,30.7692,0.13194452472240525,1,0.0
2014-01-20 08:35:00,33.556,0.014105407924118116,1,0.0
2014-01-20 08:40:00,33.3333,0.0026871591731794033,1,0.0
2014-01-20 08:45:00,35.7143,0.10490767750499726,1,0.0
2014-01-20 08:50:00,35.9507,0.0696469169054879,1,0.0
2014-01-20 08:55:00,33.3333,0.027946858268928915,1,0.0
2014-01-20 09:00:00,33.5553,0.0003252763081462071,1,0.0
2014-01-20 09:05:00,35.8336,0.093006310257014,1,0.0
2014-01-20 09:10:00,31.0262,0.12761268672259832,1,0.0
2014-01-20 09:15:00,33.3333,0.004778363967055797,1,0.0
2014-01-20 09:20:00,33.446,0.0111773262691343,1,0.0
2014-01-20 09:25:00,33.4447,0.016508563116788166,1,0.0
2014-01-20 09:30:00,35.7143,0.08192137603874705,1,0.0
2014-01-20 09:35:00,33.615,0.006985589796976971,1,0.0
2014-01-20 09:40:00,33.3333,0.021231747313297647,1,0.0
2014-01-20 09:45:00,33.4447,0.012557620531477187,1,0.0
2014-01-20 09:50:00,35.835,0.08065176645679137,1,0.0
2014-01-20 09:55:00,33.3333,0.03073194409283129,1,0.0
2014-01-20 10:00:00,33.446,0.011717760414277335,1,0.0
2014-01-20 10:05:00,33.446,0.007678568321029851,1,0.0
2014-01-20 10:10:00,35.8336,0.08643722150113191,1,0.0
2014-01-20 10:15:00,30.8954,0.13100639621963894,1,0.0
2014-01-20 10:20:00,33.4447,0.0006519097812625691,1,0.0
2014-01-20 10:25:00,33.3333,0.010418653388253608,1,0.0
2014-01-20 10:30:00,35.835,0.08473585256395694,1,0.0
2014-01-20 10:35:00,33.4742,0.02056504601827944,1,0.0
2014-01-20 10:40:00,33.446,0.013463902192121504,1,0.0
2014-01-20 10:45:00,33.4447,0.0066921551178225095,1,0.0
2014-01-20 10:50:00,35.835,0.09451595770121557,1,0.0
2014-01-20 10:55:00,30.7692,0.14407690876037774,1,0.0
2014-01-20 11:00:00,33.4427,0.01367427765503143,1,0.0
2014-01-20 11:05:00,33.4427,0.007635803110177909,1,0.0
2014-01-20 11:10:00,35.8336,0.08100881715887881,1,0.0
2014-01-20 11:15:00,30.7692,0.1291469192171779,1,0.0
2014-01-20 11:20:00,33.4447,0.014564585753849968,1,0.0
2014-01-20 11:25:00,33.3333,0.0008814443073093883,1,0.0
2014-01-20 11:30:00,35.8336,0.0979143030556561,1,0.0
2014-01-20 11:35:00,30.8954,0.1311746884031715,1,0.0
2014-01-20 11:40:00,33.4447,0.02092774603863928,1,0.0
2014-01-20 11:45:00,33.4447,0.0035201890220629313,1,0.0
2014-01-20 11:50:00,35.7143,0.0844795814250213,1,0.0
2014-01-20 11:55:00,30.8977,0.11942023242270053,1,0.0
2014-01-20 12:00:00,33.554,0.0224957032937362,1,0.0
2014-01-20 12:05:00,33.446,0.002348000332225663,1,0.0
2014-01-20 12:10:00,35.9543,0.08894861459388427,1,0.0
2014-01-20 12:15:00,30.7692,0.11975369429421932,1,0.0
2014-01-20 12:20:00,33.4447,0.01832893267882636,1,0.0
2014-01-20 12:25:00,33.4447,0.005590319960095624,1,0.0
2014-01-20 12:30:00,35.7143,0.0735024499205073,1,0.0
2014-01-20 12:35:00,31.0277,0.09621132934532596,1,0.0
2014-01-20 12:40:00,33.3333,0.003169084476013283,1,0.0
2014-01-20 12:45:00,33.552,0.013375343507525108,1,0.0
2014-01-20 12:50:00,35.7143,0.0680210823721736,1,0.0
2014-01-20 12:55:00,30.7692,0.10390058278137937,1,0.0
2014-01-20 13:00:00,33.556,0.015276039397876091,1,0.0
2014-01-20 13:05:00,33.554,0.009568948828356948,1,0.0
2014-01-20 13:10:00,35.7143,0.06223839933077861,1,0.0
2014-01-20 13:15:00,30.7692,0.09628091058731088,1,0.0
2014-01-20 13:20:00,33.5573,0.010380508018223421,1,0.0
2014-01-20 13:25:00,33.3333,0.0012036478952879535,1,0.0
2014-01-20 13:30:00,35.8336,0.06499468652837104,1,0.0
2014-01-20 13:35:00,30.7692,0.09070912793834053,1,0.0
2014-01-20 13:40:00,33.4427,0.0024248042664283768,1,0.0
2014-01-20 13:45:00,33.4447,0.008929463172143663,1,0.0
2014-01-20 13:50:00,35.7143,0.054150199556254996,1,0.0
2014-01-20 13:55:00,35.9507,0.12698794285962434,1,0.0
2014-01-20 14:00:00,33.4725,0.03325667022597746,1,0.0
2014-01-20 14:05:00,33.4447,0.006256486252149223,1,0.0
2014-01-20 14:10:00,35.7143,0.058768505800163184,1,0.0
2014-01-20 14:15:00,35.9507,0.1063518471374658,1,0.0
2014-01-20 14:20:00,33.3333,0.03784956072794224,1,0.0
2014-01-20 14:25:00,33.446,0.0072082563124030875,1,0.0
2014-01-20 14:30:00,35.8336,0.06028147394020013,1,0.0
2014-01-20 14:35:00,35.8314,0.0816729956773344,1,0.0
2014-01-20 14:40:00,33.4447,0.02898430382103882,1,0.0
2014-01-20 14:45:00,33.3333,0.01277868791988768,1,0.0
2014-01-20 14:50:00,35.835,0.07323544728125547,1,0.0
2014-01-20 14:55:00,35.8336,0.05978286439481206,1,0.0
2014-01-20 15:00:00,33.6092,0.021366566790829013,0,0.0
2014-01-20 15:05:00,33.3333,0.01570526776827191,0,0.0
2014-01-20 15:10:00,33.554,0.021125710243165768,0,0.0
2014-01-20 15:15:00,35.7143,0.06124134805726001,0,0.0
2014-01-20 15:20:00,33.4742,0.018820446295643514,0,0.0
2014-01-20 15:25:00,33.4447,0.011739672052150192,0,0.0
2014-01-20 15:30:00,33.4447,0.01663231964802576,0,0.0
2014-01-20 15:35:00,35.8314,0.06272323232121893,0,0.0
2014-01-20 15:40:00,33.3333,0.01932479162139376,0,0.0
2014-01-20 15:45:00,33.446,0.0036084517613077963,0,0.0
2014-01-20 15:50:00,33.4427,0.007809685660280581,0,0.0
2014-01-20 15:55:00,35.835,0.06710589577824902,0,0.0
2014-01-20 16:00:00,33.4725,0.018359881538952225,0,0.0
2014-01-20 16:05:00,33.554,0.002573213895561033,0,0.0
2014-01-20 16:10:00,33.3333,0.003477390942581098,0,0.0
2014-01-20 16:15:00,35.8314,0.0668744588111616,0,0.0
2014-01-20 16:20:00,30.8977,0.12280583514424916,0,0.0
2014-01-20 16:25:00,33.3333,0.011890478436844749,0,0.0
2014-01-20 16:30:00,33.556,0.019119146582065972,0,0.0
2014-01-20 16:35:00,33.3333,0.04217419545807715,0,0.0
2014-01-20 16:40:00,35.8314,0.11415261946224214,0,0.0
2014-01-20 16:45:00,33.4725,0.014005184901852836,0,0.0
2014-01-20 16:50:00,33.446,0.0022274742172825176,0,0.0
2014-01-20 16:55:00,33.4427,0.02479151499163168,0,0.0
2014-01-20 17:00:00,35.8336,0.10071575313610036,0,0.0
2014-01-20 17:05:00,30.8992,0.12213909885235992,0,0.0
2014-01-20 17:10:00,33.4427,0.01751371083961765,0,0.0
2014-01-20 17:15:00,33.4447,0.015815648975490752,0,0.0
2014-01-20 17:20:00,35.8314,0.08532279165776599,0,0.0
2014-01-20 17:25:00,30.7692,0.11225180033714392,0,0.0
2014-01-20 17:30:00,33.4447,0.009257758645190406,0,0.0
2014-01-20 17:35:00,33.4447,0.009934603628680694,0,0.0
2014-01-20 17:40:00,35.9486,0.07499268046579573,0,0.0
2014-01-20 17:45:00,30.7692,0.10256802354344001,0,0.0
2014-01-20 17:50:00,33.4447,0.0052994143446303404,0,0.0
2014-01-20 17:55:00,33.446,0.01655298651478031,0,0.0
2014-01-20 18:00:00,35.9529,0.058997602934481835,0,0.0
2014-01-20 18:05:00,30.7692,0.09297427111762477,0,0.0
2014-01-20 18:10:00,33.446,0.0031745851594027147,0,0.0
2014-01-20 18:15:00,33.446,0.019281556595827202,0,0.0
2014-01-20 18:20:00,35.7143,0.03883021693886832,0,0.0
2014-01-20 18:25:00,35.8336,0.1251910185778413,0,0.0
2014-01-20 18:30:00,33.3333,0.02967860473653089,0,0.0
2014-01-20 18:35:00,33.5587,0.005005702097865619,0,0.0
2014-01-20 18:40:00,35.7143,0.05286306353572885,0,0.0
2014-01-20 18:45:00,35.7143,0.08522679654842617,0,0.0
2014-01-20 18:50:00,33.554,0.0082028967647081,0,0.0
2014-01-20 18:55:00,33.3333,0.010765961574669148,0,0.0
2014-01-20 19:00:00,35.9529,0.06132299309427995,0,0.0
2014-01-20 19:05:00,30.8977,0.1352352042604043,0,0.0
2014-01-20 19:10:00,36.5487,0.1493216801023641,0,0.0
2014-01-20 19:15:00,35.7893,0.07981577180342347,0,0.0
2014-01-20 19:20:00,33.446,0.058938601882374174,0,0.0
2014-01-20 19:25:00,35.8336,0.0844701423007335,0,0.0
2014-01-20 19:30:00,33.3333,0.02582765804111824,0,0.0
2014-01-20 19:35:00,35.6667,0.07010418740761397,0,0.0
2014-01-20 19:40:00,33.3333,0.03593151492934993,0,0.0
2014-01-20 19:45:00,35.8336,0.06569052620415894,0,0.0
2014-01-20 19:50:00,33.75,0.005862891609524407,0,0.0
2014-01-20 19:55:00,36.4447,0.09109817392011292,0,0.0
2014-01-20 20:00:00,33.554,0.037924086474061626,0,0.0
2014-01-20 20:05:00,35.7143,0.06590923273434182,0,0.0
2014-01-20 20:10:00,30.8977,0.11289220718207013,0,0.0
2014-01-20 20:15:00,33.3333,0.033129191336269063,0,0.0
2014-01-20 20:20:00,33.5553,0.012154145361649552,0,0.0
2014-01-20 20:25:00,35.7143,0.056920464697440415,0,0.0
2014-01-20 20:30:00,30.7692,0.10620767484263301,0,0.0
2014-01-20 20:35:00,33.4427,0.014131390335633834,0,0.0
2014-01-20 20:40:00,33.3333,0.011843326647181143,0,0.0
2014-01-20 20:45:00,35.9507,0.0686451643019682,0,0.0
2014-01-20 20:50:00,30.7692,0.09548352292746916,0,0.0
2014-01-20 20:55:00,33.4427,0.015651187544879878,0,0.0
2014-01-20 21:00:00,33.4447,0.026805706088470837,0,0.0
2014-01-20 21:05:00,35.9557,0.0539061564217157,0,0.0
2014-01-20 21:10:00,30.7692,0.08556773889954675,0,0.0
2014-01-20 21:15:00,33.5573,0.0004837450859828241,0,0.0
2014-01-20 21:20:00,33.3333,0.017736681913157745,0,0.0
2014-01-20 21:25:00,35.7143,0.05501209810472992,0,0.0
2014-01-20 21:30:00,31.0254,0.08045339051520974,0,0.0
2014-01-20 21:35:00,33.3333,0.00898435466593713,0,0.0
2014-01-20 21:40:00,33.4447,0.0163029369972449,0,0.0
2014-01-20 21:45:00,35.8314,0.06117237407365617,0,0.0
2014-01-20 21:50:00,31.5338,0.06163603130469793,0,0.0
2014-01-20 21:55:00,33.4427,0.012927507742880366,0,0.0
2014-01-20 22:00:00,33.4447,0.007940317331616823,0,0.0
2014-01-20 22:05:00,35.8336,0.054751276842577336,0,0.0
2014-01-20 22:10:00,30.8954,0.09035940132868864,0,0.0
2014-01-20 22:15:00,33.4427,0.01592303525600649,0,0.0
2014-01-20 22:20:00,33.3333,0.0018873615019468055,0,0.0
2014-01-20 22:25:00,35.835,0.04657597881290152,0,0.0
2014-01-20 22:30:00,30.8954,0.08860607267424257,0,0.0
2014-01-20 22:35:00,33.446,0.016220686990070586,0,0.0
2014-01-20 22:40:00,33.4447,0.008673029099797256,0,0.0
2014-01-20 22:45:00,35.8314,0.04602782878938135,0,0.0
2014-01-20 22:50:00,30.7692,0.09124337055690394,0,0.0
2014-01-20 22:55:00,33.4447,0.015499404355413256,0,0.0
2014-01-20 23:00:00,33.554,0.013881408326658979,0,0.0
2014-01-20 23:05:00,35.8314,0.04130895559093407,0,0.0
2014-01-20 23:10:00,30.7692,0.08615948733456456,0,0.0
2014-01-20 23:15:00,33.446,0.013844255780570835,0,0.0
2014-01-20 23:20:00,33.446,0.009598490721047966,0,0.0
2014-01-20 23:25:00,35.8336,0.039718415919546037,0,0.0
2014-01-20 23:30:00,30.8992,0.07572356194718738,0,0.0
2014-01-20 23:35:00,33.3333,0.007059810218896376,0,0.0
2014-01-20 23:40:00,33.556,0.015962448805860157,0,0.0
2014-01-20 23:45:00,35.7143,0.032248519751567936,0,0.0
2014-01-20 23:50:00,34.0167,0.056764077279445414,0,0.0
2014-01-20 23:55:00,33.8873,0.012789424290947985,0,0.0
2014-01-21 00:00:00,33.554,0.0015057973901518881,0,0.0
2014-01-21 00:05:00,35.7143,0.035797527885497685,0,0.0
2014-01-21 00:10:00,31.0238,0.08693612400261973,0,0.0
2014-01-21 00:15:00,33.3333,0.007444954254600519,0,0.0
2014-01-21 00:20:00,33.446,0.006025718799308249,0,0.0
2014-01-21 00:25:00,35.835,0.03879019296561139,0,0.0
2014-01-21 00:30:00,33.3333,0.01200492689470091,0,0.0
2014-01-21 00:35:00,33.554,0.0027263004137353265,0,0.0
2014-01-21 00:40:00,33.3333,0.005771716475251076,0,0.0
2014-01-21 00:45:00,35.8314,0.051615713861416335,0,0.0
2014-01-21 00:50:00,33.3333,0.0001728212445817715,0,0.0
2014-01-21 00:55:00,33.3333,0.007939077544629846,0,0.0
2014-01-21 01:00:00,33.552,0.003509131188125807,0,0.0
2014-01-21 01:05:00,35.9486,0.046376142027284406,0,0.0
2014-01-21 01:10:00,35.7143,0.09295733661491233,0,0.0
2014-01-21 01:15:00,33.3333,0.019135151383847176,0,0.0
2014-01-21 01:20:00,33.5573,0.0009223204682576352,0,0.0
2014-01-21 01:25:00,35.7143,0.04585963444007199,0,0.0
2014-01-21 01:30:00,31.0277,0.12366568481524287,0,0.0
2014-01-21 01:35:00,33.3333,0.013339817456480128,0,0.0
2014-01-21 01:40:00,33.4427,0.011941370236309607,0,0.0
2014-01-21 01:45:00,33.446,0.052691811221753454,0,0.0
2014-01-21 01:50:00,33.3333,0.001290309506695551,0,0.0
2014-01-21 01:55:00,35.9521,0.10991240442754166,0,0.0
2014-01-21 02:00:00,35.835,0.08955984685763754,0,0.0
2014-01-21 02:05:00,35.835,0.04974866464328179,0,0.0
2014-01-21 02:10:00,30.7692,0.13163781594682114,0,0.0
2014-01-21 02:15:00,33.6092,0.013579957860402043,0,0.0
2014-01-21 02:20:00,33.3333,0.005294821383730588,0,0.0
2014-01-21 02:25:00,33.4427,0.047274913519960736,0,0.0
2014-01-21 02:30:00,33.446,0.02017924228691864,0,0.0
2014-01-21 02:35:00,33.4447,0.009027131405755165,0,0.0
2014-01-21 02:40:00,33.446,0.007287435689165498,0,0.0
2014-01-21 02:45:00,35.7143,0.06792873888300488,0,0.0
2014-01-21 02:50:00,35.835,0.10890805002208898,0,0.0
2014-01-21 02:55:00,30.8977,0.12298821935789307,0,0.0
2014-01-21 03:00:00,33.6133,0.01809753219378572,0,0.0
2014-01-21 03:05:00,36.9153,0.1111164012551411,0,0.0
2014-01-21 03:10:00,33.3333,0.026397531154117613,0,0.0
2014-01-21 03:15:00,33.446,0.004825875773560537,0,0.0
2014-01-21 03:20:00,33.446,0.006191570222230853,0,0.0
2014-01-21 03:25:00,35.7143,0.05328604347948546,0,0.0
2014-01-21 03:30:00,35.9486,0.08419785572157285,0,0.0
2014-01-21 03:35:00,30.7692,0.11728611343245365,0,0.0
2014-01-21 03:40:00,33.47,0.007875522407536152,0,0.0
2014-01-21 03:45:00,33.4447,0.023099664387595555,0,0.0
2014-01-21 03:50:00,33.4427,0.023160763368523928,0,0.0
2014-01-21 03:55:00,35.8314,0.12158964198239056,0,0.0
2014-01-21 04:00:00,33.5587,0.012314536494627227,0,0.0
2014-01-21 04:05:00,35.8314,0.06595483876579937,0,0.0
2014-01-21 04:10:00,35.8314,0.0636240016375109,0,0.0
2014-01-21 04:15:00,30.7692,0.12013668202736927,0,0.0
2014-01-21 04:20:00,33.554,0.017549179397458214,1,-1.0
2014-01-21 04:25:00,33.3333,0.02631276324883301,1,0.0
2014-01-21 04:30:00,33.446,0.0358649456847606,1,0.0
2014-01-21 04:35:00,35.8336,0.11685676132225402,1,0.0
2014-01-21 04:40:00,35.835,0.08500580193770939,1,0.0
2014-01-21 04:45:00,35.835,0.05356198128212378,1,0.0
2014-01-21 04:50:00,30.8954,0.1400438601301867,1,0.0
2014-01-21 04:55:00,33.4447,0.01792772534962414,1,0.0
2014-01-21 05:00:00,33.4447,0.00878239578817182,1,0.0
2014-01-21 05:05:00,33.4427,0.030609439594208962,1,0.0
2014-01-21 05:10:00,35.8336,0.08378762869355569,1,0.0
2014-01-21 05:15:00,35.8336,0.0910583859458677,1,0.0
2014-01-21 05:20:00,35.7143,0.06067816839183327,1,0.0
2014-01-21 05:25:00,30.8992,0.1454166615174527,1,0.0
2014-01-21 05:30:00,33.4427,0.010679981257606951,1,0.0
2014-01-21 05:35:00,33.446,0.0036969773984035547,1,0.0
2014-01-21 05:40:00,33.4447,0.0034830067643759266,1,0.0
2014-01-21 05:45:00,33.4447,0.02010309871362248,1,0.0
2014-01-21 05:50:00,35.7143,0.0815630972539951,1,0.0
2014-01-21 05:55:00,35.9507,0.08318706839522938,1,0.0
2014-01-21 06:00:00,30.8977,0.144233564845783,1,0.0
2014-01-21 06:05:00,30.8992,0.07774691305166408,1,0.0
2014-01-21 06:10:00,33.3333,0.005139246090045553,1,0.0
2014-01-21 06:15:00,33.554,0.007760349662604959,1,0.0
2014-01-21 06:20:00,33.3333,0.01078871322621608,1,0.0
2014-01-21 06:25:00,33.4427,0.009897854718772,1,0.0
2014-01-21 06:30:00,33.4427,0.01498422491365726,1,0.0
2014-01-21 06:35:00,35.7143,0.08135186676500712,1,0.0
2014-01-21 06:40:00,36.07,0.09703637951478487,1,0.0
2014-01-21 06:45:00,30.7692,0.1032930508446738,1,0.0
2014-01-21 06:50:00,33.4725,0.012616785768203327,1,0.0
2014-01-21 06:55:00,33.3333,0.02265420351209432,1,0.0
2014-01-21 07:00:00,33.554,0.018006670280665688,1,0.0
2014-01-21 07:05:00,33.4447,0.029244833643310663,1,0.0
2014-01-21 07:10:00,35.835,0.09212719640134112,1,0.0
2014-01-21 07:15:00,35.7143,0.049938315504500515,1,0.0
2014-01-21 07:20:00,35.9529,0.07918345291443164,1,0.0
2014-01-21 07:25:00,33.47,0.009905201113670251,1,0.0
2014-01-21 07:30:00,33.3333,0.009197946253149052,1,0.0
2014-01-21 07:35:00,33.556,0.011328083753585232,1,0.0
2014-01-21 07:40:00,33.3333,0.03403308421677368,1,0.0
2014-01-21 07:45:00,35.9543,0.1111874134489409,1,0.0
2014-01-21 07:50:00,35.7143,0.050595027201156426,1,0.0
2014-01-21 07:55:00,35.7143,0.04977901431703368,1,0.0
2014-01-21 08:00:00,31.0262,0.13887920638576692,1,0.0
2014-01-21 08:05:00,33.3333,0.0202846940878557,1,0.0
2014-01-21 08:10:00,33.4725,0.004256671890610718,1,0.0
2014-01-21 08:15:00,33.3333,0.03258302750924325,1,0.0
2014-01-21 08:20:00,33.4427,0.006762817246136314,1,0.0
2014-01-21 08:25:00,33.4427,0.014637415736290741,1,0.0
2014-01-21 08:30:00,33.4427,0.023191737054649813,1,0.0
2014-01-21 08:35:00,35.835,0.07397550563886106,1,0.0
2014-01-21 08:40:00,35.7143,0.09286143726365807,1,0.0
2014-01-21 08:45:00,30.8992,0.125007849131452,1,0.0
2014-01-21 08:50:00,33.4725,0.02052971419312269,1,0.0
2014-01-21 08:55:00,33.4427,0.031996564425666105,1,0.0
2014-01-21 09:00:00,33.4447,0.00400101799058411,1,0.0
2014-01-21 09:05:00,33.4427,0.008929168163478409,1,0.0
2014-01-21 09:10:00,33.4447,0.008445272192619143,1,0.0
2014-01-21 09:15:00,35.8336,0.07077900460981316,1,0.0
2014-01-21 09:20:00,35.7143,0.0757452617323063,1,0.0
2014-01-21 09:25:00,35.7143,0.09045623903283193,1,0.0
2014-01-21 09:30:00,30.8977,0.1065469025576101,1,0.0
2014-01-21 09:35:00,33.4447,0.0031760432570133103,1,0.0
2014-01-21 09:40:00,33.4427,0.013512936962513569,1,0.0
2014-01-21 09:45:00,33.3333,0.01873010205906429,1,0.0
2014-01-21 09:50:00,33.554,0.0020754897159491,1,0.0
2014-01-21 09:55:00,35.7143,0.07165952391325364,1,0.0
2014-01-21 10:00:00,35.9557,0.07167351717581047,1,0.0
2014-01-21 10:05:00,30.7692,0.12698788427284494,1,0.0
2014-01-21 10:10:00,33.4725,0.02991699238843035,1,0.0
2014-01-21 10:15:00,33.3333,0.011975955246486838,1,0.0
2014-01-21 10:20:00,33.4427,0.019473656288496462,1,0.0
2014-01-21 10:25:00,33.4447,0.0014451777334021573,1,0.0
2014-01-21 10:30:00,33.3333,0.007682394689702803,1,0.0
2014-01-21 10:35:00,35.9529,0.07378271152989012,1,0.0
2014-01-21 10:40:00,37.3814,0.1253901307612936,1,0.0
2014-01-21 10:45:00,45.6229,0.4843859336433116,1,0.0
2014-01-21 10:50:00,35.8685,0.040919231973528834,1,0.0
2014-01-21 10:55:00,33.4447,0.056693841829812665,1,0.0
2014-01-21 11:00:00,33.556,0.017284836584148162,1,0.0
2014-01-21 11:05:00,33.3333,0.047848736365112346,1,0.0
2014-01-21 11:10:00,33.554,0.009245608838749005,1,0.0
2014-01-21 11:15:00,35.7143,0.06289739784834042,1,0.0
2014-01-21 11:20:00,35.7143,0.014769245953826447,1,0.0
2014-01-21 11:25:00,35.8314,0.01627431361481689,1,0.0
2014-01-21 11:30:00,30.7692,0.13073401878587446,1,0.0
2014-01-21 11:35:00,33.556,0.02086440667921903,1,0.0
2014-01-21 11:40:00,33.4427,0.02187321199296971,1,0.0
2014-01-21 11:45:00,33.5573,0.03932107839784613,1,0.0
2014-01-21 11:50:00,33.446,0.004383613297767094,1,0.0
2014-01-21 11:55:00,35.7143,0.046826675896924345,1,0.0
2014-01-21 12:00:00,35.9543,0.058175768524597424,1,0.0
2014-01-21 12:05:00,35.835,0.018697380994193637,1,0.0
2014-01-21 12:10:00,30.7692,0.10623666493080468,1,0.0
2014-01-21 12:15:00,33.3333,0.008593913941671303,1,0.0
2014-01-21 12:20:00,33.5573,0.012350486377125634,1,0.0
2014-01-21 12:25:00,33.3333,0.04240433139043865,1,0.0
2014-01-21 12:30:00,33.4427,0.042152460029060236,1,0.0
2014-01-21 12:35:00,35.8336,0.0897778904769206,1,0.0
2014-01-21 12:40:00,35.8336,0.04937531455413827,1,0.0
2014-01-21 12:45:00,35.7143,0.036334204886781636,1,0.0
2014-01-21 12:50:00,30.7692,0.1089302256069833,1,0.0
2014-01-21 12:55:00,33.4742,0.031441074695453555,1,0.0
2014-01-21 13:00:00,33.5553,0.016224320953447318,1,0.0
2014-01-21 13:05:00,33.3333,0.03169219283452659,1,0.0
2014-01-21 13:10:00,33.4447,0.026755948109571045,1,0.0
2014-01-21 13:15:00,33.4427,0.036736333159011085,1,0.0
2014-01-21 13:20:00,35.8336,0.06274008723210119,1,0.0
2014-01-21 13:25:00,35.835,0.061265532195707274,1,0.0
2014-01-21 13:30:00,30.7692,0.09486679548517636,1,0.0
2014-01-21 13:35:00,33.47,0.026542129065667438,1,0.0
2014-01-21 13:40:00,33.3333,0.011801029954431864,1,0.0
2014-01-21 13:45:00,33.4447,0.030293758004271518,1,0.0
2014-01-21 13:50:00,33.446,0.025347486264908785,1,0.0
2014-01-21 13:55:00,35.7143,0.07120259248468158,1,0.0
2014-01-21 14:00:00,35.9507,0.050666949615528034,1,0.0
2014-01-21 14:05:00,35.7143,0.04934186574086283,1,0.0
2014-01-21 14:10:00,30.8992,0.09138874772617683,1,0.0
2014-01-21 14:15:00,33.3333,0.017642523849344987,1,0.0
2014-01-21 14:20:00,33.5573,0.0027766099751630148,1,0.0
2014-01-21 14:25:00,33.3333,0.035012609134187606,1,0.0
2014-01-21 14:30:00,33.4427,0.02020528857754077,1,0.0
2014-01-21 14:35:00,35.835,0.07071195609605672,1,0.0
2014-01-21 14:40:00,35.7143,0.039043513753363374,1,0.0
2014-01-21 14:45:00,31.0254,0.14451833775643708,1,0.0
2014-01-21 14:50:00,33.3333,0.04915413371796768,1,0.0
2014-01-21 14:55:00,33.446,0.007660454020594782,1,0.0
2014-01-21 15:00:00,33.4447,0.01839061005560364,1,0.0
2014-01-21 15:05:00,33.554,0.0043167648823413,1,0.0
2014-01-21 15:10:00,33.3333,0.00010125379772209323,1,0.0
2014-01-21 15:15:00,35.8314,0.06705549512017288,1,0.0
2014-01-21 15:20:00,35.8314,0.0536934951161885,1,0.0
2014-01-21 15:25:00,35.7143,0.07128964376891307,1,0.0
2014-01-21 15:30:00,31.0238,0.09388056489439896,1,0.0
2014-01-21 15:35:00,34.2153,0.04469755671792253,1,0.0
2014-01-21 15:40:00,33.5573,0.021981001134138273,1,0.0
2014-01-21 15:45:00,33.3333,0.010824543198642674,1,0.0
2014-01-21 15:50:00,35.7143,0.10703020285446027,1,0.0
2014-01-21 15:55:00,36.0721,0.05341721124577275,1,0.0
2014-01-21 16:00:00,35.9557,0.040544223993174616,1,0.0
2014-01-21 16:05:00,30.7692,0.1305213266793686,1,0.0
2014-01-21 16:10:00,33.3333,0.02891674387146559,1,0.0
2014-01-21 16:15:00,33.4427,0.0038853826423819867,1,0.0
2014-01-21 16:20:00,33.3333,0.02464804838186901,1,0.0
2014-01-21 16:25:00,33.554,0.0032794379703338376,1,0.0
2014-01-21 16:30:00,33.3333,0.02258089309161013,1,0.0
2014-01-21 16:35:00,35.8314,0.05257456705118094,1,0.0
2014-01-21 16:40:00,35.8336,0.05922950818800402,1,0.0
2014-01-21 16:45:00,30.7692,0.11682828967991025,1,0.0
2014-01-21 16:50:00,33.556,0.04386437514821938,1,0.0
2014-01-21 16:55:00,33.3333,0.017150992426762088,1,0.0
2014-01-21 17:00:00,33.556,0.025767447499742455,1,0.0
2014-01-21 17:05:00,33.3333,0.015672310132317676,1,0.0
2014-01-21 17:10:00,35.8336,0.08285162564949516,1,0.0
2014-01-21 17:15:00,35.7143,0.044733216895056015,0,0.0
2014-01-21 17:20:00,35.8336,0.0433935644339989,0,0.0
2014-01-21 17:25:00,33.4725,0.017092666343786474,0,0.0
2014-01-21 17:30:00,33.446,0.0012758257527547398,0,0.0
2014-01-21 17:35:00,35.4613,0.0921232193406922,0,0.0
2014-01-21 17:40:00,38.2036,0.1538753090738011,0,0.0
2014-01-21 17:45:00,33.5593,0.01533579809710777,0,0.0
2014-01-21 17:50:00,35.8336,0.06063331613800789,0,0.0
2014-01-21 17:55:00,35.8314,0.038598997059807925,0,0.0
2014-01-21 18:00:00,35.8336,0.03169047829285722,0,0.0
2014-01-21 18:05:00,33.4725,0.013557859991226443,0,0.0
2014-01-21 18:10:00,33.446,0.008093696502604357,0,0.0
2014-01-21 18:15:00,33.554,0.02406697980154565,0,0.0
2014-01-21 18:20:00,33.3333,0.05530432021937461,0,0.0
2014-01-21 18:25:00,33.5573,0.006270134401094687,0,0.0
2014-01-21 18:30:00,35.7143,0.06255282274291928,0,0.0
2014-01-21 18:35:00,35.835,0.05487201500878435,0,0.0
2014-01-21 18:40:00,30.8977,0.17432232127250982,0,0.0
2014-01-21 18:45:00,33.3333,0.02600110274441593,0,0.0
2014-01-21 18:50:00,33.556,0.006759854467649478,0,0.0
2014-01-21 18:55:00,33.3333,0.029618220451938994,0,0.0
2014-01-21 19:00:00,33.556,0.005937694598725177,0,0.0
2014-01-21 19:05:00,36.3193,0.10964637709327844,0,0.0
2014-01-21 19:10:00,35.8336,0.04721308355321287,0,0.0
2014-01-21 19:15:00,30.8977,0.1558964266963642,0,0.0
2014-01-21 19:20:00,33.4725,0.02029139505423849,0,0.0
2014-01-21 19:25:00,33.4427,0.011819176360662485,0,0.0
2014-01-21 19:30:00,35.7143,0.09319241352043756,0,0.0
2014-01-21 19:35:00,33.554,0.01843300629156604,0,0.0
2014-01-21 19:40:00,33.3333,0.013881542163410969,0,0.0
2014-01-21 19:45:00,35.7143,0.07398136826820198,0,0.0
2014-01-21 19:50:00,35.8314,0.06020177939565624,0,0.0
2014-01-21 19:55:00,35.7143,0.07144983489464546,0,0.0
2014-01-21 20:00:00,31.0277,0.09228618976640372,0,0.0
2014-01-21 20:05:00,33.3333,0.0038385555014874063,0,0.0
2014-01-21 20:10:00,33.4427,0.02736354093118521,0,0.0
2014-01-21 20:15:00,33.3333,0.011154666803233938,0,0.0
2014-01-21 20:20:00,33.552,0.01800113123007599,0,0.0
2014-01-21 20:25:00,33.3333,0.034421585580684214,0,0.0
2014-01-21 20:30:00,33.4427,0.04974081018554642,0,0.0
2014-01-21 20:35:00,35.8336,0.09931116607690138,0,0.0
2014-01-21 20:40:00,35.7143,0.10379440544783287,0,0.0
2014-01-21 20:45:00,31.0254,0.10940001044811563,0,0.0
2014-01-21 20:50:00,33.3333,0.004812605949535371,0,0.0
2014-01-21 20:55:00,33.4447,0.013891680083924279,0,0.0
2014-01-21 21:00:00,35.9543,0.08710332347667411,0,0.0
2014-01-21 21:05:00,33.3333,0.032805141991758845,0,0.0
2014-01-21 21:10:00,33.3333,0.02994611173821235,0,0.0
2014-01-21 21:15:00,33.554,0.012952738946031613,0,0.0
2014-01-21 21:20:00,35.7143,0.09216029034749472,0,0.0
2014-01-21 21:25:00,35.9507,0.09708732419720707,0,0.0
2014-01-21 21:30:00,35.7143,0.08917714388409863,0,0.0
2014-01-21 21:35:00,33.4742,0.022946762349266854,0,0.0
2014-01-21 21:40:00,33.4427,0.03629546602705586,0,0.0
2014-01-21 21:45:00,33.3333,0.015576253346266243,0,0.0
2014-01-21 21:50:00,33.4447,0.026608836124592247,0,0.0
2014-01-21 21:55:00,33.4447,0.0024295674083385315,0,0.0
2014-01-21 22:00:00,35.9507,0.06884578176071833,0,0.0
2014-01-21 22:05:00,35.7143,0.07904008746448242,0,0.0
2014-01-21 22:10:00,35.8336,0.05909553607673525,0,0.0
2014-01-21 22:15:00,30.7692,0.11520900444474093,0,0.0
2014-01-21 22:20:00,33.4447,0.008459922610580439,0,0.0
2014-01-21 22:25:00,33.4447,0.004314644028117597,0,0.0
2014-01-21 22:30:00,33.4447,0.033713459194712116,0,0.0
2014-01-21 22:35:00,33.4447,0.0016323537772916432,0,0.0
2014-01-21 22:40:00,35.7143,0.05282926652075714,0,0.0
2014-01-21 22:45:00,35.835,0.06336624185847099,0,0.0
2014-01-21 22:50:00,35.7143,0.061937167040554526,0,0.0
2014-01-21 22:55:00,35.8336,0.10097721760427482,0,0.0
2014-01-21 23:00:00,30.8992,0.13291237084039448,0,0.0
2014-01-21 23:05:00,33.6117,0.01500206316513529,0,0.0
2014-01-21 23:10:00,35.7143,0.07821098558924015,0,0.0
2014-01-21 23:15:00,33.4447,0.029177609758355164,0,0.0
2014-01-21 23:20:00,33.4427,0.025621562810164124,0,0.0
2014-01-21 23:25:00,33.4447,0.036714801283298015,0,0.0
2014-01-21 23:30:00,35.8336,0.053486033644801034,0,0.0
2014-01-21 23:35:00,35.7143,0.09076556092840216,0,0.0
2014-01-21 23:40:00,30.8954,0.10661246845240056,0,0.0
2014-01-21 23:45:00,33.4447,0.02233292600717192,0,0.0
2014-01-21 23:50:00,33.446,0.01578230656469903,0,0.0
2014-01-21 23:55:00,33.4427,0.03236768038111087,0,0.0
2014-01-22 00:00:00,33.775999999999996,0.015197483513692675,0,0.0
2014-01-22 00:05:00,39.0314,0.20190004804049747,0,0.0
2014-01-22 00:10:00,37.145,0.0836600922904417,0,0.0
2014-01-22 00:15:00,35.7143,0.04312443397475798,0,0.0
2014-01-22 00:20:00,30.8977,0.08390632261617845,0,0.0
2014-01-22 00:25:00,33.47,0.0006049788122477817,0,0.0
2014-01-22 00:30:00,33.4447,0.0036715874227396476,0,0.0
2014-01-22 00:35:00,33.4447,0.03646265866868093,0,0.0
2014-01-22 00:40:00,33.3333,0.0009207535632743436,0,0.0
2014-01-22 00:45:00,35.835,0.03971036960932308,0,0.0
2014-01-22 00:50:00,35.8336,0.03662782344526962,0,0.0
2014-01-22 00:55:00,35.8314,0.06068255432861866,0,0.0
2014-01-22 01:00:00,35.9543,0.1403549290668199,0,0.0
2014-01-22 01:05:00,30.7692,0.13381384307327232,0,0.0
2014-01-22 01:10:00,33.4725,0.005486964815785555,0,0.0
2014-01-22 01:15:00,33.446,0.024054649054981187,0,0.0
2014-01-22 01:20:00,33.4447,0.00670760341190024,0,0.0
2014-01-22 01:25:00,33.446,0.044995051212535886,0,0.0
2014-01-22 01:30:00,35.7143,0.04570375363228059,0,0.0
2014-01-22 01:35:00,35.9529,0.047241219240450605,0,0.0
2014-01-22 01:40:00,35.7143,0.08659225924209127,0,0.0
2014-01-22 01:45:00,30.8977,0.09442628871754888,0,0.0
2014-01-22 01:50:00,33.4447,0.014472067907015744,0,0.0
2014-01-22 01:55:00,30.7692,0.10053958938007454,0,0.0
2014-01-22 02:00:00,33.554,0.01135491272110415,0,0.0
2014-01-22 02:05:00,33.4447,0.006886424589209427,0,0.0
2014-01-22 02:10:00,35.8336,0.029559305529687982,0,0.0
2014-01-22 02:15:00,35.7143,0.0635468244018965,0,0.0
2014-01-22 02:20:00,37.51,0.12005399634598884,0,0.0
2014-01-22 02:25:00,30.7692,0.08811954948177339,0,0.0
2014-01-22 02:30:00,33.556,0.01877115958980341,0,0.0
2014-01-22 02:35:00,33.3333,0.034141996933550287,0,0.0
2014-01-22 02:40:00,33.4447,0.042842608302183664,0,0.0
2014-01-22 02:45:00,33.446,0.018538769937386398,0,0.0
2014-01-22 02:50:00,35.7143,0.029270598023793955,0,0.0
2014-01-22 02:55:00,31.0238,0.15032262421939294,0,0.0
2014-01-22 03:00:00,30.7692,0.14449933220181174,0,0.0
2014-01-22 03:05:00,33.6667,0.07150248466372572,0,0.0
2014-01-22 03:10:00,33.3333,0.006831851016915434,0,0.0
2014-01-22 03:15:00,33.554,0.035897424080440304,0,0.0
2014-01-22 03:20:00,34.9727,0.05537982019712767,0,0.0
2014-01-22 03:25:00,33.554,0.002519288916068757,0,0.0
2014-01-22 03:30:00,35.7143,0.05272253384067997,0,0.0
2014-01-22 03:35:00,35.8336,0.0817289247515256,0,0.0
2014-01-22 03:40:00,34.6169,0.011721957013924743,0,0.0
2014-01-22 03:45:00,35.2227,0.0820629668954615,0,0.0
2014-01-22 03:50:00,33.3333,0.02946348327435588,0,0.0
2014-01-22 03:55:00,33.3333,0.012883617946686264,0,0.0
2014-01-22 04:00:00,33.5573,0.012736211647986127,0,0.0
2014-01-22 04:05:00,35.9529,0.0850510016688972,0,0.0
2014-01-22 04:10:00,35.7143,0.04724465587414461,0,0.0
2014-01-22 04:15:00,35.835,0.05444742177885868,0,0.0
2014-01-22 04:20:00,33.4725,0.021025652511507942,0,0.0
2014-01-22 04:25:00,33.3333,0.022432086631977884,0,0.0
2014-01-22 04:30:00,33.554,0.016750233388348492,0,0.0
2014-01-22 04:35:00,35.104,0.04779780816893164,0,0.0
2014-01-22 04:40:00,35.1187,0.0541822777608391,0,0.0
2014-01-22 04:45:00,37.7307,0.12069745993809194,0,0.0
2014-01-22 04:50:00,37.4943,0.10358336856217,0,0.0
2014-01-22 04:55:00,32.7008,0.10025360252380973,0,0.0
2014-01-22 05:00:00,34.1625,0.04260816494058888,0,0.0
2014-01-22 05:05:00,33.4447,0.02633617839865085,0,0.0
2014-01-22 05:10:00,33.3333,0.02527696134574745,0,0.0
2014-01-22 05:15:00,33.4447,0.014988089771107972,0,0.0
2014-01-22 05:20:00,35.8314,0.0711406248686651,0,0.0
2014-01-22 05:25:00,35.8314,0.030669087811527832,0,0.0
2014-01-22 05:30:00,35.7143,0.04238140399749714,0,0.0
2014-01-22 05:35:00,30.7692,0.14645252933211092,0,0.0
2014-01-22 05:40:00,33.47,0.011356765567135387,0,0.0
2014-01-22 05:45:00,33.446,0.0014594393102381742,0,0.0
2014-01-22 05:50:00,33.5593,0.0213225413025965,0,0.0
2014-01-22 05:55:00,33.3333,0.011699060300514244,0,0.0
2014-01-22 06:00:00,33.5553,0.03505771735233544,0,0.0
2014-01-22 06:05:00,33.4447,0.04125061854158072,0,0.0
2014-01-22 06:10:00,35.8336,0.05411967973720025,0,0.0
2014-01-22 06:15:00,35.7143,0.10086387051332547,0,0.0
2014-01-22 06:20:00,30.8977,0.12652694872165882,0,0.0
2014-01-22 06:25:00,33.47,0.034595731544709435,0,0.0
2014-01-22 06:30:00,33.4447,0.017422775446047926,0,0.0
2014-01-22 06:35:00,33.446,0.0056281008495651244,0,0.0
2014-01-22 06:40:00,33.3333,0.01508529661175146,0,0.0
2014-01-22 06:45:00,33.556,0.026732279007637427,0,0.0
2014-01-22 06:50:00,35.7143,0.05063637736924197,0,0.0
2014-01-22 06:55:00,35.7143,0.07627796888522963,0,0.0
2014-01-22 07:00:00,30.8977,0.0968745662763396,0,0.0
2014-01-22 07:05:00,33.5587,0.03658751641501419,0,0.0
2014-01-22 07:10:00,33.3333,0.000435736231945148,0,0.0
2014-01-22 07:15:00,33.3333,0.028367130122382126,0,0.0
2014-01-22 07:20:00,33.556,0.01432388784021375,0,0.0
2014-01-22 07:25:00,33.3333,0.03870836899342103,0,0.0
2014-01-22 07:30:00,35.9507,0.07898183000897753,0,0.0
2014-01-22 07:35:00,35.7143,0.05040267048677696,0,0.0
2014-01-22 07:40:00,33.4742,0.01740752471734674,0,0.0
2014-01-22 07:45:00,33.4447,0.006669390200189159,0,0.0
2014-01-22 07:50:00,33.3333,0.00593940438290973,0,0.0
2014-01-22 07:55:00,33.5573,0.01991022854868902,0,0.0
2014-01-22 08:00:00,33.4447,0.0076451515865703906,0,0.0
2014-01-22 08:05:00,35.835,0.0808732243756809,0,0.0
2014-01-22 08:10:00,35.7143,0.040118133400190714,0,0.0
2014-01-22 08:15:00,31.0277,0.1572391412913554,0,0.0
2014-01-22 08:20:00,33.3333,0.017822686304968444,0,0.0
2014-01-22 08:25:00,33.446,0.01381891290847852,0,0.0
2014-01-22 08:30:00,33.4447,0.01622977935622642,0,0.0
2014-01-22 08:35:00,33.446,0.009755668533789808,0,0.0
2014-01-22 08:40:00,35.7143,0.08673033400597091,0,0.0
2014-01-22 08:45:00,35.8336,0.05404977158623099,0,0.0
2014-01-22 08:50:00,35.835,0.0463350752393432,0,0.0
2014-01-22 08:55:00,33.4725,0.015101518749959675,0,0.0
2014-01-22 09:00:00,33.4447,0.005514575427556058,0,0.0
2014-01-22 09:05:00,33.556,0.0075891692660364435,0,0.0
2014-01-22 09:10:00,33.3333,0.035168910997488825,0,0.0
2014-01-22 09:15:00,33.4447,0.00905185703593198,0,0.0
2014-01-22 09:20:00,35.8336,0.07682428694369968,0,0.0
2014-01-22 09:25:00,35.7143,0.04264910702810297,0,0.0
2014-01-22 09:30:00,35.9486,0.05137665801318121,0,0.0
2014-01-22 09:35:00,33.3333,0.016744872523893575,0,0.0
2014-01-22 09:40:00,33.554,0.002112122106469784,0,0.0
2014-01-22 09:45:00,33.3333,0.0019019360093823613,0,0.0
2014-01-22 09:50:00,33.3333,0.023315418722106043,0,0.0
2014-01-22 09:55:00,33.556,0.009904077845411472,0,0.0
2014-01-22 10:00:00,35.9507,0.06050557127284431,0,0.0
2014-01-22 10:05:00,35.7143,0.032152808626748894,0,0.0
2014-01-22 10:10:00,30.7692,0.16837325873145115,0,0.0
2014-01-22 10:15:00,33.4725,0.02604239785353672,0,0.0
2014-01-22 10:20:00,33.3333,0.0025666467168875213,0,0.0
2014-01-22 10:25:00,31.0238,0.10970479726136828,0,0.0
2014-01-22 10:30:00,33.3333,0.02523202919398086,0,0.0
2014-01-22 10:35:00,33.3333,0.015810403503906372,0,0.0
2014-01-22 10:40:00,35.9521,0.0606856796880581,0,0.0
2014-01-22 10:45:00,35.7143,0.05039637292994869,0,0.0
2014-01-22 10:50:00,35.8336,0.07894969104631787,0,0.0
2014-01-22 10:55:00,33.3333,0.011290216990180648,0,0.0
2014-01-22 11:00:00,33.5587,0.002934944292828109,0,0.0
2014-01-22 11:05:00,33.4427,0.00641382917447228,0,0.0
2014-01-22 11:10:00,33.4447,0.006092707057639872,0,0.0
2014-01-22 11:15:00,33.3333,0.011483566837644836,0,0.0
2014-01-22 11:20:00,35.835,0.05319625078756477,0,0.0
2014-01-22 11:25:00,35.8314,0.042808386660137636,0,0.0
2014-01-22 11:30:00,35.835,0.06613290151766618,0,0.0
2014-01-22 11:35:00,33.3333,0.008585704609224884,0,0.0
2014-01-22 11:40:00,33.4427,0.00010046061948440012,0,0.0
2014-01-22 11:45:00,33.3333,0.007505622616170112,0,0.0
2014-01-22 11:50:00,33.4447,0.007192226058109816,0,0.0
2014-01-22 11:55:00,35.835,0.09096641217096732,0,0.0
2014-01-22 12:00:00,35.9529,0.034244900985904825,0,0.0
2014-01-22 12:05:00,30.7692,0.17111166606707506,0,0.0
2014-01-22 12:10:00,30.8992,0.12527797839529675,0,0.0
2014-01-22 12:15:00,33.4427,0.023742702336588328,0,0.0
2014-01-22 12:20:00,33.4427,0.011150502940399584,0,0.0
2014-01-22 12:25:00,33.3333,0.01878414293101006,0,0.0
2014-01-22 12:30:00,33.3333,0.00514415042615164,0,0.0
2014-01-22 12:35:00,33.6633,0.020579231011111025,0,0.0
2014-01-22 12:40:00,35.835,0.06616706117710924,0,0.0
2014-01-22 12:45:00,35.8336,0.0747375055757159,0,0.0
2014-01-22 12:50:00,35.8336,0.08913116299098438,0,0.0
2014-01-22 12:55:00,30.7692,0.13028006652631882,0,0.0
2014-01-22 13:00:00,33.554,0.0039437514968745785,0,0.0
2014-01-22 13:05:00,33.4447,0.002104691894550389,0,0.0
2014-01-22 13:10:00,33.4427,0.005294435008607214,0,0.0
2014-01-22 13:15:00,33.3333,0.005698545657606921,0,0.0
2014-01-22 13:20:00,33.4447,0.04393646367312491,0,0.0
2014-01-22 13:25:00,35.8336,0.07351400058889543,0,0.0
2014-01-22 13:30:00,35.8336,0.07893967274110103,0,0.0
2014-01-22 13:35:00,33.4725,0.009036755830699494,0,0.0
2014-01-22 13:40:00,33.3333,0.005669666057725146,0,0.0
2014-01-22 13:45:00,33.4447,0.002327093785244024,0,0.0
2014-01-22 13:50:00,33.4427,0.03056422696509433,0,0.0
2014-01-22 13:55:00,33.446,0.012446018793179052,0,0.0
2014-01-22 14:00:00,36.3114,0.08796457462802107,0,0.0
2014-01-22 14:05:00,35.7143,0.0490813489873047,0,0.0
2014-01-22 14:10:00,30.8992,0.14486671131962442,0,0.0
2014-01-22 14:15:00,33.4725,0.03067546848997102,0,0.0
2014-01-22 14:20:00,34.8987,0.05908097679833053,0,0.0
2014-01-22 14:25:00,33.3333,0.021361892186172682,0,0.0
2014-01-22 14:30:00,37.2679,0.16187921823229875,0,0.0
2014-01-22 14:35:00,35.8314,0.062023039463104834,0,0.0
2014-01-22 14:40:00,35.7143,0.03272330005818823,0,0.0
2014-01-22 14:45:00,35.8314,0.04795063866361588,0,0.0
2014-01-22 14:50:00,30.7692,0.1408674489128832,0,0.0
2014-01-22 14:55:00,33.4725,0.01993657656025173,0,0.0
2014-01-22 15:00:00,33.556,0.0015597920094643865,0,0.0
2014-01-22 15:05:00,30.8992,0.14247747787798773,0,0.0
2014-01-22 15:10:00,33.3333,0.005251365280427129,0,0.0
2014-01-22 15:15:00,33.4447,0.02434478893337384,0,0.0
2014-01-22 15:20:00,35.8336,0.05561102189590706,0,0.0
2014-01-22 15:25:00,35.7143,0.06733288546703073,0,0.0
2014-01-22 15:30:00,33.6092,0.004974453811671137,0,0.0
2014-01-22 15:35:00,41.3333,0.3320201859797582,0,0.0
2014-01-22 15:40:00,33.554,0.05356643888676888,0,0.0
2014-01-22 15:45:00,33.3333,0.01727268015874053,0,0.0
2014-01-22 15:50:00,33.3333,0.006534549920461727,0,0.0
2014-01-22 15:55:00,35.9507,0.04674834462662076,0,0.0
2014-01-22 16:00:00,35.9507,0.041137233074137546,0,0.0
2014-01-22 16:05:00,30.7692,0.15026161703830312,0,0.0
2014-01-22 16:10:00,33.3333,0.012865639578253036,0,0.0
2014-01-22 16:15:00,33.554,0.034097601824882445,0,0.0
2014-01-22 16:20:00,33.3333,0.005699314090279022,0,0.0
2014-01-22 16:25:00,33.5553,0.012338575775095686,0,0.0
2014-01-22 16:30:00,35.7143,0.10512777075257286,0,0.0
2014-01-22 16:35:00,35.8314,0.011520400518857894,0,0.0
2014-01-22 16:40:00,31.0262,0.15255042470425573,0,0.0
2014-01-22 16:45:00,33.3333,0.011336524470334043,0,0.0
2014-01-22 16:50:00,33.4447,0.004339003198652713,0,0.0
2014-01-22 16:55:00,33.3333,0.03426298697043915,0,0.0
2014-01-22 17:00:00,33.556,0.006751890819022801,0,0.0
2014-01-22 17:05:00,33.3333,0.004489456857248225,0,0.0
2014-01-22 17:10:00,35.9543,0.09491926485490007,0,0.0
2014-01-22 17:15:00,35.7143,0.043994831495461205,0,0.0
2014-01-22 17:20:00,36.0693,0.0986785150518631,0,0.0
2014-01-22 17:25:00,30.7692,0.11789783156867326,0,0.0
2014-01-22 17:30:00,33.4742,0.013121761153117159,0,0.0
2014-01-22 17:35:00,34.5633,0.027940221823396776,0,0.0
2014-01-22 17:40:00,35.104,0.037073311701973526,0,0.0
2014-01-22 17:45:00,31.0254,0.08153582655820864,0,0.0
2014-01-22 17:50:00,35.7143,0.07147698490130115,0,0.0
2014-01-22 17:55:00,35.8336,0.05150361583922015,0,0.0
2014-01-22 18:00:00,35.7143,0.05976561830346808,0,0.0
2014-01-22 18:05:00,35.9521,0.13078797282705373,0,0.0
2014-01-22 18:10:00,30.7692,0.13023202070335485,0,0.0
2014-01-22 18:15:00,33.6108,0.007590886376173267,0,0.0
2014-01-22 18:20:00,33.3333,0.02658596341723416,0,0.0
2014-01-22 18:25:00,33.3333,0.010086986709470513,0,0.0
2014-01-22 18:30:00,33.5553,0.03281641342983307,0,0.0
2014-01-22 18:35:00,33.3333,0.040924528387443565,0,0.0
2014-01-22 18:40:00,35.8314,0.05146465957897847,0,0.0
2014-01-22 18:45:00,35.7143,0.09958837896097386,0,0.0
2014-01-22 18:50:00,30.8954,0.1151495613227178,0,0.0
2014-01-22 18:55:00,33.4447,0.024558119177530462,0,0.0
2014-01-22 19:00:00,33.5573,0.007112333577758025,0,0.0
2014-01-22 19:05:00,33.3333,0.03129952436203641,0,0.0
2014-01-22 19:10:00,33.4742,0.0013495500781126762,0,0.0
2014-01-22 19:15:00,35.8336,0.05718519052165232,0,0.0
2014-01-22 19:20:00,35.7143,0.047063672005205184,0,0.0
2014-01-22 19:25:00,35.8314,0.06446199427374441,0,0.0
2014-01-22 19:30:00,30.7692,0.08878325744103281,0,0.0
2014-01-22 19:35:00,33.4725,0.006666895434463979,0,0.0
2014-01-22 19:40:00,35.8336,0.11232837640288984,0,0.0
2014-01-22 19:45:00,33.4427,0.04670104578747093,0,0.0
2014-01-22 19:50:00,33.3333,0.012306889798869413,0,0.0
2014-01-22 19:55:00,33.4447,0.045379651782901216,0,0.0
2014-01-22 20:00:00,33.5573,0.04947296687587481,0,0.0
2014-01-22 20:05:00,35.8336,0.0738883951590276,0,0.0
2014-01-22 20:10:00,35.7143,0.11224150002992453,0,0.0
2014-01-22 20:15:00,35.835,0.0946429077105804,0,0.0
2014-01-22 20:20:00,33.4742,0.02634426446385232,0,0.0
2014-01-22 20:25:00,35.8336,0.07733202007781223,0,0.0
2014-01-22 20:30:00,33.4447,0.013235343891917665,0,0.0
2014-01-22 20:35:00,33.3333,0.03324620121480138,0,0.0
2014-01-22 20:40:00,33.5553,0.022481231150732358,0,0.0
2014-01-22 20:45:00,35.7143,0.04517980058831382,0,0.0
2014-01-22 20:50:00,35.7143,0.0684191402586704,0,0.0
2014-01-22 20:55:00,30.8954,0.13226268343829187,0,0.0
2014-01-22 21:00:00,33.4742,0.012964329490292971,0,0.0
2014-01-22 21:05:00,33.446,0.020750345249909624,0,0.0
2014-01-22 21:10:00,33.4427,0.015439918261408225,0,0.0
2014-01-22 21:15:00,33.4447,0.007816834033524216,0,0.0
2014-01-22 21:20:00,35.7143,0.06991346640780216,0,0.0
2014-01-22 21:25:00,35.9521,0.05029882395138395,0,0.0
2014-01-22 21:30:00,35.7143,0.056793719274601084,0,0.0
2014-01-22 21:35:00,30.7692,0.11508810150889345,0,0.0
2014-01-22 21:40:00,33.47,0.009036716081033016,0,0.0
2014-01-22 21:45:00,33.3333,0.02244405735986914,0,0.0
2014-01-22 21:50:00,33.5573,0.015470132703823088,0,0.0
2014-01-22 21:55:00,33.3333,0.009652258556986516,0,0.0
2014-01-22 22:00:00,35.9521,0.07820617696545608,0,0.0
2014-01-22 22:05:00,35.7143,0.04517675044571545,0,0.0
2014-01-22 22:10:00,35.9543,0.05004766491687189,0,0.0
2014-01-22 22:15:00,35.7143,0.1110298698942973,0,0.0
2014-01-22 22:20:00,30.7692,0.14438401936358744,0,0.0
2014-01-22 22:25:00,33.5553,0.026862527461907426,0,0.0
2014-01-22 22:30:00,33.3333,0.029391491615326483,0,0.0
2014-01-22 22:35:00,33.5587,0.0076802651963132455,0,0.0
2014-01-22 22:40:00,33.3333,0.03433242890053128,0,0.0
2014-01-22 22:45:00,33.3333,0.04872960377333473,0,0.0
2014-01-22 22:50:00,35.835,0.058792476517099124,0,0.0
2014-01-22 22:55:00,35.7143,0.08034288112047941,0,0.0
2014-01-22 23:00:00,35.9507,0.11720492522541133,0,0.0
2014-01-22 23:05:00,30.8992,0.116006195294282,0,0.0
2014-01-22 23:10:00,33.47,0.01042408186514999,0,0.0
2014-01-22 23:15:00,33.3333,0.027091622909841937,0,0.0
2014-01-22 23:20:00,33.5573,0.02439389802747411,0,0.0
2014-01-22 23:25:00,35.7143,0.06699298708276175,0,0.0
2014-01-22 23:30:00,33.446,0.05169455655909321,0,0.0
2014-01-22 23:35:00,35.8336,0.06456108979383758,0,0.0
2014-01-22 23:40:00,35.7143,0.08984181750768755,0,0.0
2014-01-22 23:45:00,30.8954,0.1067379813518013,0,0.0
2014-01-22 23:50:00,33.3333,0.02643862908791699,0,0.0
2014-01-22 23:55:00,33.446,0.00798314469455106,0,0.0
2014-01-23 00:00:00,33.554,0.03342342796628302,0,0.0
2014-01-23 00:05:00,33.446,0.018565653247827524,0,0.0
2014-01-23 00:10:00,33.4447,0.039827363484164616,0,0.0
2014-01-23 00:15:00,35.8314,0.06704291616973068,0,0.0
2014-01-23 00:20:00,35.8314,0.06510271489302011,0,0.0
2014-01-23 00:25:00,30.8992,0.0887974739209118,0,0.0
2014-01-23 00:30:00,33.3333,0.019644470335970568,0,0.0
2014-01-23 00:35:00,33.5573,0.005482212771325304,0,0.0
2014-01-23 00:40:00,33.3333,0.033375463236294436,0,0.0
2014-01-23 00:45:00,33.4447,0.004629709862350475,0,0.0
2014-01-23 00:50:00,35.835,0.0762455715416483,0,0.0
2014-01-23 00:55:00,35.7143,0.027597927309878027,0,0.0
2014-01-23 01:00:00,35.9507,0.06262935992741513,0,0.0
2014-01-23 01:05:00,33.4742,0.008462036304000308,0,0.0
2014-01-23 01:10:00,33.4427,0.017504656369954182,0,0.0
2014-01-23 01:15:00,33.3333,0.003163675291819831,0,0.0
2014-01-23 01:20:00,33.5573,0.016744127188385232,0,0.0
2014-01-23 01:25:00,33.3333,0.0042475970694901355,0,0.0
2014-01-23 01:30:00,35.9507,0.06052452433100896,0,0.0
2014-01-23 01:35:00,35.7143,0.041175287062471394,0,0.0
2014-01-23 01:40:00,31.0254,0.15672049706840144,0,0.0
2014-01-23 01:45:00,33.446,0.02839200115729057,0,0.0
2014-01-23 01:50:00,33.4447,0.006023169162290699,0,0.0
2014-01-23 01:55:00,33.446,0.007562892327398507,0,0.0
2014-01-23 02:00:00,33.6092,0.009651640927747228,0,0.0
2014-01-23 02:05:00,33.3333,0.013756237195137359,0,0.0
2014-01-23 02:10:00,35.8336,0.05110675865810572,0,0.0
2014-01-23 02:15:00,35.835,0.04596760738099513,0,0.0
2014-01-23 02:20:00,35.8336,0.07814248941707712,0,0.0
2014-01-23 02:25:00,33.47,0.009038182248094521,0,0.0
2014-01-23 02:30:00,33.3333,0.00402711698999701,0,0.0
2014-01-23 02:35:00,33.556,0.006958632303363074,0,0.0
2014-01-23 02:40:00,33.3333,0.0031448630443192144,0,0.0
2014-01-23 02:45:00,35.7143,0.08579051190960081,0,0.0
2014-01-23 02:50:00,35.835,0.0481701128973918,0,0.0
2014-01-23 02:55:00,35.7143,0.0276842417946912,0,0.0
2014-01-23 03:00:00,31.0262,0.13635797412719475,0,0.0
2014-01-23 03:05:00,35.5933,0.09963035214618077,0,0.0
2014-01-23 03:10:00,35.835,0.09254981307287924,0,0.0
2014-01-23 03:15:00,33.4427,0.020474816386071626,0,0.0
2014-01-23 03:20:00,35.2207,0.08580241009051898,0,0.0
2014-01-23 03:25:00,33.4447,0.048910587416174066,0,0.0
2014-01-23 03:30:00,35.835,0.041489030968749466,0,0.0
2014-01-23 03:35:00,35.7143,0.05028656222201648,0,0.0
2014-01-23 03:40:00,30.7692,0.13104105220300494,0,0.0
2014-01-23 03:45:00,33.4742,0.00840465015159732,0,0.0
2014-01-23 03:50:00,30.8954,0.12982939192601894,0,0.0
2014-01-23 03:55:00,33.446,0.01101088197146164,0,0.0
2014-01-23 04:00:00,35.54,0.0978960514146766,0,0.0
2014-01-23 04:05:00,33.446,0.04299827555361178,0,0.0
2014-01-23 04:10:00,35.9507,0.06892023133029994,0,0.0
2014-01-23 04:15:00,35.7143,0.04105495019675613,0,0.0
2014-01-23 04:20:00,30.8992,0.12018882793037085,0,0.0
2014-01-23 04:25:00,33.4427,0.015752950239942762,0,0.0
2014-01-23 04:30:00,33.554,0.017284337929492955,0,0.0
2014-01-23 04:35:00,33.446,0.02114397407368368,0,0.0
2014-01-23 04:40:00,33.3333,0.008048487315553528,0,0.0
2014-01-23 04:45:00,35.835,0.07232351597509848,0,0.0
2014-01-23 04:50:00,35.8336,0.04102206848795373,0,0.0
2014-01-23 04:55:00,35.835,0.06575850746085378,0,0.0
2014-01-23 05:00:00,33.47,0.009961550243916949,0,0.0
2014-01-23 05:05:00,33.446,0.009996714696338073,0,0.0
2014-01-23 05:10:00,34.6667,0.04933087699999189,0,0.0
2014-01-23 05:15:00,33.4447,0.02921727728187921,0,0.0
2014-01-23 05:20:00,34.786,0.05397417194022792,0,0.0
2014-01-23 05:25:00,35.7143,0.045252899168905736,0,0.0
2014-01-23 05:30:00,35.835,0.04454111618173687,0,0.0
2014-01-23 05:35:00,30.8954,0.158016961682117,0,0.0
2014-01-23 05:40:00,33.4725,0.022417548411894014,0,0.0
2014-01-23 05:45:00,33.4427,0.013344306042228722,0,0.0
2014-01-23 05:50:00,33.3333,0.017889850752262564,0,0.0
2014-01-23 05:55:00,33.4447,0.004806388087977766,0,0.0
2014-01-23 06:00:00,35.9507,0.07916613455071682,0,0.0
2014-01-23 06:05:00,35.8336,0.03210312545737358,0,0.0
2014-01-23 06:10:00,35.7143,0.03341911515836278,0,0.0
2014-01-23 06:15:00,30.8977,0.11656706024347473,0,0.0
2014-01-23 06:20:00,33.4725,0.008161055316616867,0,0.0
2014-01-23 06:25:00,33.4447,0.00923438002874831,0,0.0
2014-01-23 06:30:00,33.4447,0.025392157737901242,0,0.0
2014-01-23 06:35:00,33.3333,0.012599820479529223,0,0.0
2014-01-23 06:40:00,33.5573,0.04045089809365954,0,0.0
2014-01-23 06:45:00,35.7143,0.053584911953112144,0,0.0
2014-01-23 06:50:00,35.7143,0.036205849842418564,0,0.0
2014-01-23 06:55:00,35.8336,0.11253213448998288,0,0.0
2014-01-23 07:00:00,30.8977,0.12284283525068394,0,0.0
2014-01-23 07:05:00,33.4427,0.01802122874093675,0,0.0
2014-01-23 07:10:00,33.4447,0.012543455561285508,0,0.0
2014-01-23 07:15:00,33.446,0.0050171599889323616,0,0.0
2014-01-23 07:20:00,33.3333,0.0225604624731616,0,0.0
2014-01-23 07:25:00,35.9507,0.05538614654050027,0,0.0
2014-01-23 07:30:00,35.7143,0.042074903521076304,0,0.0
2014-01-23 07:35:00,35.7143,0.0717715799103531,0,0.0
2014-01-23 07:40:00,33.4742,0.02672609697077908,0,0.0
2014-01-23 07:45:00,33.3333,0.007963698610843166,0,0.0
2014-01-23 07:50:00,33.5573,0.009004674561311191,0,0.0
2014-01-23 07:55:00,33.3333,0.03105501268416722,0,0.0
2014-01-23 08:00:00,33.554,0.006656706333084332,0,0.0
2014-01-23 08:05:00,35.7143,0.03351663299002512,0,0.0
2014-01-23 08:10:00,36.1864,0.06617979249192413,0,0.0
2014-01-23 08:15:00,32.0477,0.10922239764402396,0,0.0
2014-01-23 08:20:00,33.4725,0.03626223289798594,0,0.0
2014-01-23 08:25:00,35.8314,0.0963620444097347,0,0.0
2014-01-23 08:30:00,33.3333,0.021815165497248344,0,0.0
2014-01-23 08:35:00,33.4447,0.0020931414472707393,0,0.0
2014-01-23 08:40:00,33.4427,0.009459766707403491,0,0.0
2014-01-23 08:45:00,35.7143,0.03670486704822185,0,0.0
2014-01-23 08:50:00,35.9543,0.0398144407388447,0,0.0
2014-01-23 08:55:00,35.7143,0.07335378766813917,0,0.0
2014-01-23 09:00:00,35.9543,0.09225431259375473,0,0.0
2014-01-23 09:05:00,35.0,0.04044569842788941,0,0.0
2014-01-23 09:10:00,37.8727,0.16565488334092612,0,0.0
2014-01-23 09:15:00,38.1107,0.17401763204172108,0,0.0
2014-01-23 09:20:00,35.2353,0.029584582640750617,0,0.0
2014-01-23 09:25:00,33.4447,0.05667310115030386,0,0.0
2014-01-23 09:30:00,35.8336,0.03865180885226234,0,0.0
2014-01-23 09:35:00,40.5943,0.23910964783588404,0,0.0
2014-01-23 09:40:00,41.8871,0.2797726928356075,0,0.0
2014-01-23 09:45:00,34.1054,0.04740185477248071,0,0.0
2014-01-23 09:50:00,33.3333,0.048657400720007314,0,0.0
2014-01-23 09:55:00,33.4447,0.050940076745465405,0,0.0
2014-01-23 10:00:00,35.8336,0.04365641094967399,0,0.0
2014-01-23 10:05:00,33.552,0.03382499343661412,0,0.0
2014-01-23 10:10:00,35.7143,0.043861582399590114,0,0.0
2014-01-23 10:15:00,35.835,0.0018164406491121728,0,0.0
2014-01-23 10:20:00,35.835,0.013566694625315404,0,0.0
2014-01-23 10:25:00,30.7692,0.1445743738421642,0,0.0
2014-01-23 10:30:00,33.446,0.0036629868136430852,0,0.0
2014-01-23 10:35:00,33.3333,0.01866070227353228,0,0.0
2014-01-23 10:40:00,30.8977,0.15895927651624,0,0.0
2014-01-23 10:45:00,33.446,0.0203735795584481,0,0.0
2014-01-23 10:50:00,35.7143,0.036488175949157715,0,0.0
2014-01-23 10:55:00,35.9529,0.028336497161683568,0,0.0
2014-01-23 11:00:00,31.0238,0.15952853170734274,0,0.0
2014-01-23 11:05:00,33.3333,0.029951863641645957,0,0.0
2014-01-23 11:10:00,33.4447,0.01843263702061895,0,0.0
2014-01-23 11:15:00,33.446,0.013787334311854456,0,0.0
2014-01-23 11:20:00,33.3333,0.010789532721484842,0,0.0
2014-01-23 11:25:00,33.47,0.0204163829095284,0,0.0
2014-01-23 11:30:00,35.7143,0.0584608296711172,0,0.0
2014-01-23 11:35:00,30.7692,0.1766028105940744,0,0.0
2014-01-23 11:40:00,33.6092,0.008180606874312034,0,0.0
2014-01-23 11:45:00,33.3333,0.006044229690465194,0,0.0
2014-01-23 11:50:00,33.554,0.01573193180970026,0,0.0
2014-01-23 11:55:00,33.3333,0.01888609884236536,0,0.0
2014-01-23 12:00:00,33.554,0.028965277600682238,0,0.0
2014-01-23 12:05:00,35.7143,0.07506085666734444,0,0.0
2014-01-23 12:10:00,35.8314,0.05879358851723344,0,0.0
2014-01-23 12:15:00,33.3333,0.030681229405404638,0,0.0
2014-01-23 12:20:00,33.3333,0.0005721986877852289,0,0.0
2014-01-23 12:25:00,35.9507,0.09907319915371623,0,0.0
2014-01-23 12:30:00,33.3333,0.03020137596673316,0,0.0
2014-01-23 12:35:00,33.446,0.014853941523184947,0,0.0
2014-01-23 12:40:00,33.4447,0.0034151607549662865,0,0.0
2014-01-23 12:45:00,35.8314,0.06419804792091872,0,0.0
2014-01-23 12:50:00,35.7143,0.03590128652485477,0,0.0
2014-01-23 12:55:00,30.7692,0.13019675468340325,0,0.0
2014-01-23 13:00:00,33.6092,0.012187684083356024,0,0.0
2014-01-23 13:05:00,33.4427,0.015521276552671728,0,0.0
2014-01-23 13:10:00,33.4447,0.019641626261875253,0,0.0
2014-01-23 13:15:00,33.3333,0.008954607453005935,0,0.0
2014-01-23 13:20:00,35.8314,0.08434314482286923,0,0.0
2014-01-23 13:25:00,35.8336,0.03298564479150086,0,0.0
2014-01-23 13:30:00,35.9543,0.06920904058077125,0,0.0
2014-01-23 13:35:00,33.3333,0.012829356365720327,0,0.0
2014-01-23 13:40:00,33.446,0.002302592852523509,0,0.0
2014-01-23 13:45:00,33.3333,0.02347885552550273,0,0.0
2014-01-23 13:50:00,33.4447,0.014728281325345371,0,0.0
2014-01-23 13:55:00,35.835,0.0979457206218291,0,0.0
2014-01-23 14:00:00,35.8336,0.04760842220863063,0,0.0
2014-01-23 14:05:00,35.835,0.041903866769134025,0,0.0
2014-01-23 14:10:00,30.8977,0.15788791312856726,0,0.0
2014-01-23 14:15:00,33.4725,0.01755395872318491,0,0.0
2014-01-23 14:20:00,33.3333,0.01445653181159271,0,0.0
2014-01-23 14:25:00,33.5573,0.0009058783269517424,0,0.0
2014-01-23 14:30:00,33.3333,0.01054578743906917,0,0.0
2014-01-23 14:35:00,33.4447,0.02198105637644933,0,0.0
2014-01-23 14:40:00,35.835,0.05063866897903619,0,0.0
2014-01-23 14:45:00,35.7143,0.04505021858737943,0,0.0
2014-01-23 14:50:00,35.9529,0.09531158001545688,0,0.0
2014-01-23 14:55:00,30.7692,0.1293291357249541,0,0.0
2014-01-23 15:00:00,33.554,0.026183377098076045,0,0.0
2014-01-23 15:05:00,33.3333,0.01860190328653355,0,0.0
2014-01-23 15:10:00,33.552,0.0021957664125162707,0,0.0
2014-01-23 15:15:00,33.3333,0.02177295763114677,0,0.0
2014-01-23 15:20:00,35.8314,0.060406983356558,0,0.0
2014-01-23 15:25:00,35.8336,0.031997491028945474,0,0.0
2014-01-23 15:30:00,35.7143,0.06216730827006602,0,0.0
2014-01-23 15:35:00,30.8954,0.10145955579904577,0,0.0
2014-01-23 15:40:00,33.3333,0.017623730837233214,0,0.0
2014-01-23 15:45:00,33.556,0.011231897095024998,0,0.0
2014-01-23 15:50:00,33.3333,0.027515079836963788,0,0.0
2014-01-23 15:55:00,33.446,0.002251959102594543,0,0.0
2014-01-23 16:00:00,33.4447,0.06544462082361897,0,0.0
2014-01-23 16:05:00,35.9543,0.06510826991717505,0,0.0
2014-01-23 16:10:00,35.7143,0.05201642889897843,0,0.0
2014-01-23 16:15:00,30.8992,0.07524961292482972,0,0.0
2014-01-23 16:20:00,33.4725,0.019391671642583708,0,0.0
2014-01-23 16:25:00,33.3333,0.001992951231600505,0,0.0
2014-01-23 16:30:00,33.5553,0.02407888903273811,0,0.0
2014-01-23 16:35:00,33.3333,0.007054395629432591,0,0.0
2014-01-23 16:40:00,33.554,0.033021876265607965,0,0.0
2014-01-23 16:45:00,35.7143,0.039948562362201685,0,0.0
2014-01-23 16:50:00,35.9529,0.060797120827018825,0,0.0
2014-01-23 16:55:00,30.7692,0.1044019288277658,0,0.0
2014-01-23 17:00:00,33.6117,0.043936440974262005,0,0.0
2014-01-23 17:05:00,33.3333,0.005319274676882698,0,0.0
2014-01-23 17:10:00,33.5573,0.014122730989479403,0,0.0
2014-01-23 17:15:00,33.3333,0.004628539478712619,0,0.0
2014-01-23 17:20:00,33.446,0.0294179024616764,0,0.0
2014-01-23 17:25:00,35.8336,0.04618020642160167,0,0.0
2014-01-23 17:30:00,35.8336,0.05379754900393238,0,0.0
2014-01-23 17:35:00,30.7692,0.10234147280232443,0,0.0
2014-01-23 17:40:00,33.3333,0.028909903289575864,0,0.0
2014-01-23 17:45:00,33.446,0.0007781703911407613,0,0.0
2014-01-23 17:50:00,33.4447,0.024363009856786272,0,0.0
2014-01-23 17:55:00,33.4447,0.01585476702180096,0,0.0
2014-01-23 18:00:00,35.8314,0.07341831928841941,0,0.0
2014-01-23 18:05:00,35.835,0.03850963268732595,0,0.0
2014-01-23 18:10:00,35.8336,0.04941569141390833,0,0.0
2014-01-23 18:15:00,30.8992,0.09288474311981408,0,0.0
2014-01-23 18:20:00,33.3333,0.01533585392862379,0,0.0
2014-01-23 18:25:00,33.4447,0.0012308584971575905,0,0.0
2014-01-23 18:30:00,33.4447,0.021004524113874257,0,0.0
2014-01-23 18:35:00,33.4427,0.007833001763299659,0,0.0
2014-01-23 18:40:00,33.446,0.044774114312829,0,0.0
2014-01-23 18:45:00,35.7143,0.045375482442293454,0,0.0
2014-01-23 18:50:00,35.8336,0.052287760061079734,0,0.0
2014-01-23 18:55:00,35.8336,0.11468086396152576,0,0.0
2014-01-23 19:00:00,33.6117,0.005131443495713219,0,0.0
2014-01-23 19:05:00,33.3333,0.0076746058903772426,0,0.0
2014-01-23 19:10:00,33.446,0.015283611968096219,0,0.0
2014-01-23 19:15:00,33.446,0.010103370778475309,0,0.0
2014-01-23 19:20:00,33.446,0.031733432282048266,0,0.0
2014-01-23 19:25:00,35.8314,0.05460641693103537,0,0.0
2014-01-23 19:30:00,35.7143,0.03419084160931738,0,0.0
2014-01-23 19:35:00,35.9521,0.07460417310172582,0,0.0
2014-01-23 19:40:00,30.7692,0.11421374998599255,0,0.0
2014-01-23 19:45:00,33.4447,0.016831756245062418,0,0.0
2014-01-23 19:50:00,33.5573,0.0065199472423127704,0,0.0
2014-01-23 19:55:00,33.3333,0.029632777019808907,0,0.0
2014-01-23 20:00:00,33.5573,0.003092252323895895,0,0.0
2014-01-23 20:05:00,33.3333,0.06724910532785447,0,0.0
2014-01-23 20:10:00,44.4864,0.4172356301558025,0,0.0
2014-01-23 20:15:00,35.835,0.00363284689749644,0,0.0
2014-01-23 20:20:00,30.8977,0.08464222714283136,0,0.0
2014-01-23 20:25:00,33.3333,0.029314212160297407,0,0.0
2014-01-23 20:30:00,33.446,0.03475972368002263,0,0.0
2014-01-23 20:35:00,33.4447,0.021773751968453846,0,0.0
2014-01-23 20:40:00,33.446,0.0181197807740127,0,0.0
2014-01-23 20:45:00,35.7143,0.0442073500609954,0,0.0
2014-01-23 20:50:00,35.8336,0.04056932121480024,0,0.0
2014-01-23 20:55:00,35.8336,0.04433096238893168,0,0.0
2014-01-23 21:00:00,33.6092,0.01769487987570997,0,0.0
2014-01-23 21:05:00,33.4427,0.022751852116332242,0,0.0
2014-01-23 21:10:00,33.3333,0.011976633101083982,0,0.0
2014-01-23 21:15:00,33.4427,0.001734667220150767,0,0.0
2014-01-23 21:20:00,33.4447,0.014170593082491034,0,0.0
2014-01-23 21:25:00,33.446,0.050392373295005996,0,0.0
2014-01-23 21:30:00,35.7143,0.003476324456672409,0,0.0
2014-01-23 21:35:00,35.8336,0.04607436796056282,0,0.0
2014-01-23 21:40:00,35.8336,0.08402669030126804,0,0.0
2014-01-23 21:45:00,33.3333,0.006229239580609864,0,0.0
2014-01-23 21:50:00,33.4427,0.002327204253790553,0,0.0
2014-01-23 21:55:00,33.3333,0.00026773717317334224,0,0.0
2014-01-23 22:00:00,33.554,0.002350206349278878,0,0.0
2014-01-23 22:05:00,35.7143,0.056800260079274315,0,0.0
2014-01-23 22:10:00,33.446,0.0735955436454803,0,0.0
2014-01-23 22:15:00,33.3333,0.0826953050837858,0,0.0
2014-01-23 22:20:00,35.9543,0.0878917707002022,0,0.0
2014-01-23 22:25:00,35.7143,0.08661673627219155,0,0.0
2014-01-23 22:30:00,35.7143,0.10189213701941023,0,0.0
2014-01-23 22:35:00,33.615,0.0106031903267318,0,0.0
2014-01-23 22:40:00,33.3333,0.027986280352497263,0,0.0
2014-01-23 22:45:00,33.554,0.029550875605459524,0,0.0
2014-01-23 22:50:00,33.3333,0.04517567732415464,0,0.0
2014-01-23 22:55:00,33.4427,0.02763608469116049,0,0.0
2014-01-23 23:00:00,33.5573,0.036120681941402916,0,0.0
2014-01-23 23:05:00,33.446,0.02874362276617509,0,0.0
2014-01-23 23:10:00,35.8314,0.08232580685318965,0,0.0
2014-01-23 23:15:00,35.835,0.09069987274002267,0,0.0
2014-01-23 23:20:00,35.8336,0.0856020952234346,0,0.0
2014-01-23 23:25:00,30.7692,0.13019712313013915,0,0.0
2014-01-23 23:30:00,33.4725,0.00029474577800414734,0,0.0
2014-01-23 23:35:00,33.4725,0.025845203954419225,0,0.0
2014-01-23 23:40:00,33.4447,0.037991613280692574,0,0.0
2014-01-23 23:45:00,33.4447,0.011986856458531736,0,0.0
2014-01-23 23:50:00,33.3333,0.035765744147730684,0,0.0
2014-01-23 23:55:00,33.446,0.027559890511986925,0,0.0
2014-01-24 00:00:00,33.5553,0.016838459431447517,0,0.0
2014-01-24 00:05:00,35.8336,0.12134455587891795,0,0.0
2014-01-24 00:10:00,35.7143,0.07709971673985587,0,0.0
2014-01-24 00:15:00,35.8336,0.09149362873749728,0,0.0
2014-01-24 00:20:00,30.8977,0.13427357391933012,0,0.0
2014-01-24 00:25:00,33.4725,0.0013356927487510755,0,0.0
2014-01-24 00:30:00,33.4447,0.03340949935976067,0,0.0
2014-01-24 00:35:00,33.4427,0.02789535783416915,0,0.0
2014-01-24 00:40:00,33.3333,0.006234681017908787,0,0.0
2014-01-24 00:45:00,33.5587,0.009900413322880277,0,0.0
2014-01-24 00:50:00,33.3333,0.036391933394466856,0,0.0
2014-01-24 00:55:00,33.3333,0.019048609659080618,0,0.0
2014-01-24 01:00:00,35.9557,0.1270553458967196,0,0.0
2014-01-24 01:05:00,35.9543,0.08756251809822294,0,0.0
2014-01-24 01:10:00,35.7143,0.07245441429881984,0,0.0
2014-01-24 01:15:00,30.7692,0.1496572464407903,0,0.0
2014-01-24 01:20:00,33.554,0.009298146573655193,0,0.0
2014-01-24 01:25:00,33.3333,0.03366085100365001,0,0.0
2014-01-24 01:30:00,33.552,0.003163723637391652,0,0.0
2014-01-24 01:35:00,33.3333,0.00923422170450808,0,0.0
2014-01-24 01:40:00,33.5573,0.015775373675061308,0,0.0
2014-01-24 01:45:00,33.3333,0.044356238258032435,0,0.0
2014-01-24 01:50:00,35.552,0.07398335370326528,0,0.0
2014-01-24 01:55:00,38.3343,0.2122430223289292,0,0.0
2014-01-24 02:00:00,38.575,0.18031544773405025,0,0.0
2014-01-24 02:05:00,37.85,0.14726922963349529,0,0.0
2014-01-24 02:10:00,36.7843,0.08497219876379461,0,0.0
2014-01-24 02:15:00,30.8977,0.14060438779760775,0,0.0
2014-01-24 02:20:00,33.3333,0.01608079779103691,0,0.0
2014-01-24 02:25:00,33.554,0.000920954126452476,0,0.0
2014-01-24 02:30:00,33.3333,0.05609927654709759,0,0.0
2014-01-24 02:35:00,33.554,0.0213412621821865,0,0.0
2014-01-24 02:40:00,33.3333,0.06692852006963697,0,0.0
2014-01-24 02:45:00,33.3333,0.049100560765995664,0,0.0
2014-01-24 02:50:00,35.9543,0.07762573927847205,0,0.0
2014-01-24 02:55:00,35.7143,0.0906475203275774,0,0.0
2014-01-24 03:00:00,35.9557,0.07377214588983051,0,0.0
2014-01-24 03:05:00,32.0408,0.09214590146030036,0,0.0
2014-01-24 03:10:00,33.3333,0.02697532117353937,0,0.0
2014-01-24 03:15:00,33.446,0.02167804758437784,0,0.0
2014-01-24 03:20:00,33.4447,0.027133203969065968,0,0.0
2014-01-24 03:25:00,33.3333,0.019047788567978584,0,0.0
2014-01-24 03:30:00,33.554,0.029229996116582002,0,0.0
2014-01-24 03:35:00,33.3333,0.02502384942061524,0,0.0
2014-01-24 03:40:00,35.9543,0.08907320189454612,0,0.0
2014-01-24 03:45:00,35.7143,0.09166435467615602,0,0.0
2014-01-24 03:50:00,35.8336,0.06760924995182402,0,0.0
2014-01-24 03:55:00,35.835,0.07099938606348813,0,0.0
2014-01-24 04:00:00,35.9543,0.04646777878532517,0,0.0
2014-01-24 04:05:00,33.3333,0.04308173519414993,0,0.0
2014-01-24 04:10:00,33.4447,0.016674396592557116,0,0.0
2014-01-24 04:15:00,33.446,0.004336764784119596,0,0.0
2014-01-24 04:20:00,33.4447,0.01973244586375209,0,0.0
2014-01-24 04:25:00,33.446,0.006983102255794206,0,0.0
2014-01-24 04:30:00,33.3333,0.029995670281029164,0,0.0
2014-01-24 04:35:00,35.8336,0.07487624584332793,0,0.0
2014-01-24 04:40:00,35.835,0.0508597384681366,0,0.0
2014-01-24 04:45:00,35.8314,0.07624667562688961,0,0.0
2014-01-24 04:50:00,30.8977,0.13635878084068698,0,0.0
2014-01-24 04:55:00,33.3333,0.012692231397185831,0,0.0
2014-01-24 05:00:00,33.6067,0.018162341205523836,0,0.0
2014-01-24 05:05:00,33.4447,0.024324796322540258,0,0.0
2014-01-24 05:10:00,33.446,0.004439669990950794,0,0.0
2014-01-24 05:15:00,33.3333,0.035365846064244484,0,0.0
2014-01-24 05:20:00,33.554,0.033095058754788034,0,0.0
2014-01-24 05:25:00,33.3333,0.026266095514451797,0,0.0
2014-01-24 05:30:00,33.4447,0.016758020423364578,0,0.0
2014-01-24 05:35:00,33.4427,0.008545605417461206,0,0.0
2014-01-24 05:40:00,33.3333,0.014995967860831957,0,0.0
2014-01-24 05:45:00,33.554,0.018214503812791483,0,0.0
2014-01-24 05:50:00,35.7143,0.08432534123781013,0,0.0
2014-01-24 05:55:00,35.7143,0.050066991001383634,0,0.0
2014-01-24 06:00:00,35.9507,0.07550810720284308,0,0.0
2014-01-24 06:05:00,35.9543,0.08254612453982745,0,0.0
2014-01-24 06:10:00,35.7143,0.090575191604254,0,0.0
2014-01-24 06:15:00,35.7143,0.0812506160599237,0,0.0
2014-01-24 06:20:00,35.9521,0.0933383002217243,0,0.0
2014-01-24 06:25:00,35.7143,0.06577473937171034,0,0.0
2014-01-24 06:30:00,35.8314,0.05432892295148982,0,0.0
2014-01-24 06:35:00,35.7143,0.040025490105744535,0,0.0
2014-01-24 06:40:00,35.7143,0.029880615766708092,0,0.0
2014-01-24 06:45:00,31.1523,0.1452156353039245,0,0.0
2014-01-24 06:50:00,35.7143,0.07929304255056074,0,0.0
2014-01-24 06:55:00,30.8954,0.1361202864357419,0,0.0
2014-01-24 07:00:00,30.7692,0.1324734631486865,0,0.0
2014-01-24 07:05:00,33.6108,0.014777741859095066,0,0.0
2014-01-24 07:10:00,30.7692,0.16824094270059348,0,0.0
2014-01-24 07:15:00,33.446,0.016395882167951736,0,0.0
2014-01-24 07:20:00,33.4447,0.0192726252825872,0,0.0
2014-01-24 07:25:00,33.3333,0.015604582760105784,0,0.0
2014-01-24 07:30:00,33.552,0.013395206670928287,0,0.0
2014-01-24 07:35:00,33.3333,0.007424486497259841,0,0.0
2014-01-24 07:40:00,33.446,0.00027078263043305603,0,0.0
2014-01-24 07:45:00,33.4447,0.0012923536034868586,0,0.0
2014-01-24 07:50:00,33.4427,0.012158569845948486,0,0.0
2014-01-24 07:55:00,33.4447,0.01957257474126324,0,0.0
2014-01-24 08:00:00,35.8336,0.0771461096220639,0,0.0
2014-01-24 08:05:00,35.8336,0.0712728680141439,0,0.0
2014-01-24 08:10:00,35.8336,0.06925527055578258,0,0.0
2014-01-24 08:15:00,35.835,0.0855238899257277,0,0.0
2014-01-24 08:20:00,35.8336,0.07291208033252164,0,0.0
2014-01-24 08:25:00,30.7692,0.13872910191073834,0,0.0
2014-01-24 08:30:00,35.8336,0.1091779331218628,0,0.0
2014-01-24 08:35:00,35.8314,0.06741512169566463,0,0.0
2014-01-24 08:40:00,35.7143,0.0431552357598174,0,0.0
2014-01-24 08:45:00,35.835,0.06599644688037666,0,0.0
2014-01-24 08:50:00,30.7692,0.14442322172443234,0,0.0
2014-01-24 08:55:00,31.0262,0.1120042939489865,0,0.0
2014-01-24 09:00:00,33.4725,0.0121814512916667,0,0.0
2014-01-24 09:05:00,33.4447,0.014919338978353878,0,0.0
2014-01-24 09:10:00,33.3333,0.02206999480110071,0,0.0
2014-01-24 09:15:00,35.8314,0.08664788704684484,0,0.0
2014-01-24 09:20:00,33.3333,0.07565248485427689,0,0.0
2014-01-24 09:25:00,33.556,0.02008864582713268,0,0.0
2014-01-24 09:30:00,33.3333,0.00417422033453079,0,0.0
2014-01-24 09:35:00,33.6653,0.010415549647080509,0,0.0
2014-01-24 09:40:00,33.3333,0.013158266522644093,0,0.0
2014-01-24 09:45:00,33.3333,0.002126614278349302,0,0.0
2014-01-24 09:50:00,33.554,0.005953585659144091,0,0.0
2014-01-24 09:55:00,33.3333,0.043006540363883114,0,0.0
2014-01-24 10:00:00,33.5573,0.02639252285128821,0,0.0
2014-01-24 10:05:00,33.3333,0.028514952388265624,0,0.0
2014-01-24 10:10:00,33.554,0.003949724264033612,0,0.0
2014-01-24 10:15:00,33.3333,0.018246779141369844,0,0.0
2014-01-24 10:20:00,33.554,0.01228120500820894,0,0.0
2014-01-24 10:25:00,33.3333,0.015691493093803674,0,0.0
2014-01-24 10:30:00,30.7692,0.10991705821759397,0,0.0
2014-01-24 10:35:00,35.9507,0.09752273870185753,0,0.0
2014-01-24 10:40:00,35.7143,0.05837846675734638,0,0.0
2014-01-24 10:45:00,35.835,0.06908000082015332,0,0.0
2014-01-24 10:50:00,35.8336,0.1012815747927254,0,0.0
2014-01-24 10:55:00,35.8336,0.08769751333851837,0,0.0
2014-01-24 11:00:00,35.8314,0.08523121738680371,0,0.0
2014-01-24 11:05:00,35.8314,0.08006768936739958,0,0.0
2014-01-24 11:10:00,35.8336,0.07972940846640413,0,0.0
2014-01-24 11:15:00,35.835,0.0458041169143315,0,0.0
2014-01-24 11:20:00,35.8336,0.04301275485322987,0,0.0
2014-01-24 11:25:00,35.7143,0.04545324922425748,0,0.0
2014-01-24 11:30:00,35.8314,0.059419082465624176,0,0.0
2014-01-24 11:35:00,35.8336,0.04898993882199045,0,0.0
2014-01-24 11:40:00,35.8336,0.054989177839407086,0,0.0
2014-01-24 11:45:00,35.8314,0.05450886275639559,0,0.0
2014-01-24 11:50:00,35.835,0.06120348488483324,0,0.0
2014-01-24 11:55:00,35.7143,0.0372446370117821,0,0.0
2014-01-24 12:00:00,35.9543,0.0512966867174144,0,0.0
2014-01-24 12:05:00,35.8336,0.037932318102473765,0,0.0
2014-01-24 12:10:00,35.835,0.047762596438411166,0,0.0
2014-01-24 12:15:00,35.7143,0.035065508778048614,0,0.0
2014-01-24 12:20:00,35.835,0.04694353845600889,0,0.0
2014-01-24 12:25:00,35.835,0.05083088547218547,0,0.0
2014-01-24 12:30:00,35.7143,0.03760017038394842,0,0.0
2014-01-24 12:35:00,35.9543,0.05194499904225597,0,0.0
2014-01-24 12:40:00,35.8336,0.023998797491249814,0,0.0
2014-01-24 12:45:00,35.8314,0.028888404765482774,0,0.0
2014-01-24 12:50:00,35.7143,0.0248369893587451,0,0.0
2014-01-24 12:55:00,30.7692,0.17474663802058846,0,0.0
2014-01-24 13:00:00,31.0238,0.1257092853475794,0,0.0
2014-01-24 13:05:00,33.3333,0.025096303617980563,0,0.0
2014-01-24 13:10:00,34.4407,0.0034437714917007274,0,0.0
2014-01-24 13:15:00,33.4447,0.03613967253372784,0,0.0
2014-01-24 13:20:00,33.4447,0.02928612393565251,0,0.0
2014-01-24 13:25:00,33.4447,0.03774596471099307,0,0.0
2014-01-24 13:30:00,33.4427,0.0314920136850542,0,0.0
2014-01-24 13:35:00,33.3333,0.007464488880353056,0,0.0
2014-01-24 13:40:00,33.4447,0.007855522355775463,0,0.0
2014-01-24 13:45:00,33.446,0.012625769195432344,0,0.0
2014-01-24 13:50:00,33.3333,0.03114263613485097,0,0.0
2014-01-24 13:55:00,35.9521,0.09477956380033012,0,0.0
2014-01-24 14:00:00,35.8336,0.06277147888983464,0,0.0
2014-01-24 14:05:00,35.835,0.0615121241579617,0,0.0
2014-01-24 14:10:00,35.7143,0.06450332486885306,0,0.0
2014-01-24 14:15:00,35.9507,0.08411847193496275,0,0.0
2014-01-24 14:20:00,35.7143,0.06890868842452623,0,0.0
2014-01-24 14:25:00,35.8336,0.07034858210126367,0,0.0
2014-01-24 14:30:00,35.8314,0.05521063924445015,0,0.0
2014-01-24 14:35:00,35.7143,0.035939045560484,0,0.0
2014-01-24 14:40:00,35.9543,0.044098097030161744,0,0.0
2014-01-24 14:45:00,35.7143,0.03322659861579088,0,0.0
2014-01-24 14:50:00,30.7692,0.1568050580880063,0,0.0
2014-01-24 14:55:00,30.8992,0.1084835495658773,0,0.0
2014-01-24 15:00:00,33.4725,0.01553712984866062,0,0.0
2014-01-24 15:05:00,33.3333,0.030457258576138558,0,0.0
2014-01-24 15:10:00,33.4725,0.015320350051337922,0,0.0
2014-01-24 15:15:00,33.4427,0.0338994315202211,0,0.0
2014-01-24 15:20:00,33.3333,0.04508614419493921,0,0.0
2014-01-24 15:25:00,33.5587,0.019895215743502077,0,0.0
2014-01-24 15:30:00,33.3333,0.012914642667994088,0,0.0
2014-01-24 15:35:00,33.9987,0.03320014301115078,0,0.0
2014-01-24 15:40:00,33.3333,0.015290369979223471,0,0.0
2014-01-24 15:45:00,33.3333,0.020136364983385276,0,0.0
2014-01-24 15:50:00,33.556,0.00830820241920772,0,0.0
2014-01-24 15:55:00,33.3333,0.03130101453860641,0,0.0
2014-01-24 16:00:00,33.5587,0.02674763646247788,0,0.0
2014-01-24 16:05:00,33.3333,0.028775093725538124,0,0.0
2014-01-24 16:10:00,33.556,0.0013489158725853107,0,0.0
2014-01-24 16:15:00,33.3333,0.011338550239888948,0,0.0
2014-01-24 16:20:00,35.9486,0.09666854471596986,0,0.0
2014-01-24 16:25:00,35.7143,0.061313233646143626,0,0.0
2014-01-24 16:30:00,35.7143,0.06241195622713211,0,0.0
2014-01-24 16:35:00,35.9543,0.07336389258986119,0,0.0
2014-01-24 16:40:00,35.7143,0.051293097334115405,0,0.0
2014-01-24 16:45:00,36.07,0.08447457712435669,0,0.0
2014-01-24 16:50:00,35.7143,0.07303195788762355,0,0.0
2014-01-24 16:55:00,30.8992,0.12389309410887987,0,0.0
2014-01-24 17:00:00,35.8314,0.09834862757651684,0,0.0
2014-01-24 17:05:00,30.8992,0.15755260053258455,0,0.0
2014-01-24 17:10:00,30.7692,0.13792246310012532,0,0.0
2014-01-24 17:15:00,33.3333,0.00533870868395125,0,0.0
2014-01-24 17:20:00,33.4725,0.037031544424469084,0,0.0
2014-01-24 17:25:00,33.3333,0.02292866742856577,0,0.0
2014-01-24 17:30:00,34.4353,0.034856564959156136,0,0.0
2014-01-24 17:35:00,33.5553,0.006969379251200441,0,0.0
2014-01-24 17:40:00,33.3333,0.035219582818964264,0,0.0
2014-01-24 17:45:00,33.446,0.01639192826484085,0,0.0
2014-01-24 17:50:00,33.4447,0.0014093735269772414,0,0.0
2014-01-24 17:55:00,33.3333,0.004477201631186667,0,0.0
2014-01-24 18:00:00,33.6092,0.017973902352656147,0,0.0
2014-01-24 18:05:00,33.4427,0.00897270494124289,0,0.0
2014-01-24 18:10:00,30.8992,0.1264428754875484,0,0.0
2014-01-24 18:15:00,35.7143,0.10957403901667263,0,0.0
2014-01-24 18:20:00,35.835,0.06550035735565445,0,0.0
2014-01-24 18:25:00,37.1507,0.12303334786509387,0,0.0
2014-01-24 18:30:00,35.8336,0.06306702402281128,0,0.0
2014-01-24 18:35:00,35.8336,0.06048117391439641,0,0.0
2014-01-24 18:40:00,35.7143,0.04231111100082765,0,0.0
2014-01-24 18:45:00,31.0254,0.1394841086584307,0,0.0
2014-01-24 18:50:00,30.7692,0.09012153629743393,0,0.0
2014-01-24 18:55:00,33.47,0.0072990075901401144,0,0.0
2014-01-24 19:00:00,33.446,0.016221626608967258,0,0.0
2014-01-24 19:05:00,33.4447,0.025554921967230748,0,0.0
2014-01-24 19:10:00,33.3333,5.7085534200634926e-05,0,0.0
2014-01-24 19:15:00,33.4447,0.029987054335285125,0,0.0
2014-01-24 19:20:00,33.4447,0.016675617698188983,0,0.0
2014-01-24 19:25:00,33.4447,0.009328267680675434,0,0.0
2014-01-24 19:30:00,33.4447,0.021666340493896555,0,0.0
2014-01-24 19:35:00,33.3333,0.020245712360768445,0,0.0
2014-01-24 19:40:00,33.446,0.015856424821874358,0,0.0
2014-01-24 19:45:00,33.446,0.01712279042876377,0,0.0
2014-01-24 19:50:00,33.446,0.00688834968401402,0,0.0
2014-01-24 19:55:00,35.7143,0.07499321693880055,0,0.0
2014-01-24 20:00:00,33.6667,0.015581544366872724,0,0.0
2014-01-24 20:05:00,35.8336,0.10476405550633773,0,0.0
2014-01-24 20:10:00,35.8336,0.08585722079033217,0,0.0
2014-01-24 20:15:00,35.7143,0.05908524627354025,0,0.0
2014-01-24 20:20:00,35.9543,0.05552253939157389,0,0.0
2014-01-24 20:25:00,35.7143,0.0431676567657787,0,0.0
2014-01-24 20:30:00,35.8314,0.0428043388161088,0,0.0
2014-01-24 20:35:00,35.7143,0.03809481828142405,0,0.0
2014-01-24 20:40:00,35.7143,0.0663522867890389,0,0.0
2014-01-24 20:45:00,31.0238,0.13864479208124045,0,0.0
2014-01-24 20:50:00,30.7692,0.1001293194916806,0,0.0
2014-01-24 20:55:00,30.8992,0.1021198862736546,0,0.0
2014-01-24 21:00:00,30.8977,0.11205212615452698,0,0.0
2014-01-24 21:05:00,31.0254,0.1000787490375597,0,0.0
2014-01-24 21:10:00,33.3333,0.0029545105929406363,0,0.0
2014-01-24 21:15:00,33.4427,0.02285483247962326,0,0.0
2014-01-24 21:20:00,33.4427,0.012879277193063204,0,0.0
2014-01-24 21:25:00,33.3333,0.01293670898104042,0,0.0
2014-01-24 21:30:00,33.446,0.014276904374590919,0,0.0
2014-01-24 21:35:00,33.4447,0.007902992195338545,0,0.0
2014-01-24 21:40:00,33.4447,0.007653384678939777,0,0.0
2014-01-24 21:45:00,33.4447,0.005245009136359707,0,0.0
2014-01-24 21:50:00,33.4447,0.02427379086107312,0,0.0
2014-01-24 21:55:00,33.3333,0.02723961770220357,0,0.0
2014-01-24 22:00:00,33.5573,0.02585371251062338,0,0.0
2014-01-24 22:05:00,33.4447,0.006915767863791679,0,0.0
2014-01-24 22:10:00,33.446,0.018767083003810373,0,0.0
2014-01-24 22:15:00,33.3333,0.0134519437460456,0,0.0
2014-01-24 22:20:00,33.4447,0.015598168746137231,0,0.0
2014-01-24 22:25:00,33.4427,0.009361829299026087,0,0.0
2014-01-24 22:30:00,33.3333,0.02363996374788691,0,0.0
2014-01-24 22:35:00,35.9529,0.09079480134097123,0,0.0
2014-01-24 22:40:00,35.7143,0.06971102466844578,0,0.0
2014-01-24 22:45:00,35.8314,0.08509401096393468,0,0.0
2014-01-24 22:50:00,35.8314,0.1006518406649586,0,0.0
2014-01-24 22:55:00,35.7143,0.08444287704929389,0,0.0
2014-01-24 23:00:00,35.9486,0.0906221587929037,0,0.0
2014-01-24 23:05:00,33.47,0.02720440994365924,0,0.0
2014-01-24 23:10:00,35.8336,0.0836226068728872,0,0.0
2014-01-24 23:15:00,30.7692,0.17150286956990268,0,0.0
2014-01-24 23:20:00,31.0254,0.12021204825403616,0,0.0
2014-01-24 23:25:00,30.7692,0.11188124758776116,0,0.0
2014-01-24 23:30:00,33.4725,0.0044951307373654655,0,0.0
2014-01-24 23:35:00,33.4447,0.012817645161877418,0,0.0
2014-01-24 23:40:00,33.3333,0.017901958869773874,0,0.0
2014-01-24 23:45:00,33.5573,0.0057556163641900105,0,0.0
2014-01-24 23:50:00,33.3333,0.026186841825143654,0,0.0
2014-01-24 23:55:00,33.4427,0.010451079522533515,0,0.0
2014-01-25 00:00:00,33.4447,0.0074746281364203,0,0.0
2014-01-25 00:05:00,33.5553,0.014359152364870715,0,0.0
2014-01-25 00:10:00,33.3333,0.026873634046914768,0,0.0
2014-01-25 00:15:00,35.8336,0.09144132749680384,0,0.0
2014-01-25 00:20:00,33.4447,0.03656680388753385,0,0.0
2014-01-25 00:25:00,35.835,0.09217513982543084,0,0.0
2014-01-25 00:30:00,35.8336,0.06169755305410605,0,0.0
2014-01-25 00:35:00,35.7143,0.059315757649495815,0,0.0
2014-01-25 00:40:00,33.47,0.034910371247436865,0,0.0
2014-01-25 00:45:00,33.4725,0.0148162158813026,0,0.0
2014-01-25 00:50:00,36.8014,0.10713931288292496,0,0.0
2014-01-25 00:55:00,35.7143,0.031312747952478945,0,0.0
2014-01-25 01:00:00,35.9557,0.06739265202461106,0,0.0
2014-01-25 01:05:00,30.7692,0.16294045876189067,0,0.0
2014-01-25 01:10:00,31.0262,0.10381931287453666,0,0.0
2014-01-25 01:15:00,33.3333,0.0020367430307599525,0,0.0
2014-01-25 01:20:00,33.47,0.025969276148999857,0,0.0
2014-01-25 01:25:00,33.4447,0.0110223064224025,0,0.0
2014-01-25 01:30:00,33.3333,0.016015416174133115,0,0.0
2014-01-25 01:35:00,33.4427,0.04297073289395139,0,0.0
2014-01-25 01:40:00,33.4447,0.023088614652893046,0,0.0
2014-01-25 01:45:00,33.4427,0.008709339136370446,0,0.0
2014-01-25 01:50:00,33.4447,0.005133947159033404,0,0.0
2014-01-25 01:55:00,33.3333,0.014839073649393953,0,0.0
2014-01-25 02:00:00,33.554,0.0011468440835202538,0,0.0
2014-01-25 02:05:00,35.835,0.09493109508665992,0,0.0
2014-01-25 02:10:00,35.8314,0.056393979416200425,0,0.0
2014-01-25 02:15:00,35.8314,0.05438748493589572,0,0.0
2014-01-25 02:20:00,35.7143,0.047398986103243376,0,0.0
2014-01-25 02:25:00,35.835,0.06993661315606457,0,0.0
2014-01-25 02:30:00,33.47,0.042864511106860216,0,0.0
2014-01-25 02:35:00,35.8336,0.0886277025300962,0,0.0
2014-01-25 02:40:00,30.8992,0.14858043010030955,0,0.0
2014-01-25 02:45:00,30.7692,0.12509128593284227,0,0.0
2014-01-25 02:50:00,33.4725,0.00210149593484815,0,0.0
2014-01-25 02:55:00,33.47,0.04774632951203938,0,0.0
2014-01-25 03:00:00,33.6092,0.004062654332445643,0,0.0
2014-01-25 03:05:00,33.3333,0.009022327545911495,0,0.0
2014-01-25 03:10:00,33.446,0.014539971615328232,0,0.0
2014-01-25 03:15:00,35.222,0.06905956019119261,0,0.0
2014-01-25 03:20:00,33.556,0.007021240476687935,0,0.0
2014-01-25 03:25:00,33.3333,0.008554494335188517,0,0.0
2014-01-25 03:30:00,35.8336,0.09110175813412136,0,0.0
2014-01-25 03:35:00,33.3333,0.05732291555435004,0,0.0
2014-01-25 03:40:00,35.082,0.05732733952536725,0,0.0
2014-01-25 03:45:00,35.8314,0.07628771213093663,0,0.0
2014-01-25 03:50:00,35.7143,0.051698311056270825,0,0.0
2014-01-25 03:55:00,35.9543,0.06151348184149631,0,0.0
2014-01-25 04:00:00,35.835,0.07210883972217519,0,0.0
2014-01-25 04:05:00,35.8336,0.058902459290011776,0,0.0
2014-01-25 04:10:00,35.7143,0.03605349219415043,0,0.0
2014-01-25 04:15:00,35.9543,0.049615451521560265,0,0.0
2014-01-25 04:20:00,30.7692,0.16584812981196828,0,0.0
2014-01-25 04:25:00,30.8977,0.11246068475816658,0,0.0
2014-01-25 04:30:00,33.4725,0.006990270670386556,0,0.0
2014-01-25 04:35:00,33.3333,0.01892664950615584,0,0.0
2014-01-25 04:40:00,33.6673,0.008183037637291116,0,0.0
2014-01-25 04:45:00,33.3333,0.0010900544310760048,0,0.0
2014-01-25 04:50:00,33.3333,0.025320604836199464,0,0.0
2014-01-25 04:55:00,33.5587,0.01489495835310071,0,0.0
2014-01-25 05:00:00,33.5573,0.01374894567390228,0,0.0
2014-01-25 05:05:00,33.3333,0.001160788722007834,0,0.0
2014-01-25 05:10:00,30.7692,0.13072996665469608,0,0.0
2014-01-25 05:15:00,33.552,0.008953744311909994,0,0.0
2014-01-25 05:20:00,33.3333,0.023268948547292,0,0.0
2014-01-25 05:25:00,33.556,0.018033800387041384,0,0.0
2014-01-25 05:30:00,35.7143,0.08411422771048176,0,0.0
2014-01-25 05:35:00,35.7143,0.048238044470370535,0,0.0
2014-01-25 05:40:00,35.9557,0.07552725960687624,0,0.0
2014-01-25 05:45:00,35.7143,0.06335272032851504,0,0.0
2014-01-25 05:50:00,35.9529,0.07570318844549448,0,0.0
2014-01-25 05:55:00,35.8314,0.04580802474952547,0,0.0
2014-01-25 06:00:00,35.9521,0.062235624468528275,0,0.0
2014-01-25 06:05:00,30.7692,0.16194132138224285,0,0.0
2014-01-25 06:10:00,30.8992,0.1170248157035699,0,0.0
2014-01-25 06:15:00,30.8977,0.10319703613491173,0,0.0
2014-01-25 06:20:00,33.3333,0.0020349240264049846,0,0.0
2014-01-25 06:25:00,35.8336,0.11853656401688308,0,0.0
2014-01-25 06:30:00,33.3333,0.024797818314972277,0,0.0
2014-01-25 06:35:00,33.446,0.019454039334469996,0,0.0
2014-01-25 06:40:00,33.446,0.020733341595047475,0,0.0
2014-01-25 06:45:00,33.446,0.001793175270770747,0,0.0
2014-01-25 06:50:00,33.3333,0.012400491927179798,0,0.0
2014-01-25 06:55:00,33.4447,0.008400176675933766,0,0.0
2014-01-25 07:00:00,35.9529,0.08562292968137934,0,0.0
2014-01-25 07:05:00,35.8314,0.0576950154315606,0,0.0
2014-01-25 07:10:00,35.7143,0.05210344036691922,0,0.0
2014-01-25 07:15:00,35.8336,0.07156176315837277,0,0.0
2014-01-25 07:20:00,35.8314,0.04836334401239447,0,0.0
2014-01-25 07:25:00,35.8314,0.061095140210386686,0,0.0
2014-01-25 07:30:00,35.8314,0.06564323645336026,0,0.0
2014-01-25 07:35:00,35.7143,0.05002671169417039,0,0.0
2014-01-25 07:40:00,35.8336,0.028919014931404193,0,0.0
2014-01-25 07:45:00,30.8954,0.1743286271480398,0,0.0
2014-01-25 07:50:00,30.7692,0.1233507010834517,0,0.0
2014-01-25 07:55:00,31.0262,0.09504813820333656,0,0.0
2014-01-25 08:00:00,33.4725,0.00760810783989038,0,0.0
2014-01-25 08:05:00,33.4742,0.00834575635726977,0,0.0
2014-01-25 08:10:00,33.4447,0.01887205918509944,0,0.0
2014-01-25 08:15:00,33.446,0.0019424395975323485,0,0.0
2014-01-25 08:20:00,33.4447,0.026298523090976102,0,0.0
2014-01-25 08:25:00,33.4427,0.002235533653017812,0,0.0
2014-01-25 08:30:00,33.3333,0.008242832110326125,0,0.0
2014-01-25 08:35:00,31.0238,0.09680394331188694,0,0.0
2014-01-25 08:40:00,33.3333,0.004781409058465408,0,0.0
2014-01-25 08:45:00,33.3333,0.011461615111771885,0,0.0
2014-01-25 08:50:00,35.9543,0.07857705823594008,0,0.0
2014-01-25 08:55:00,35.7143,0.05275339714511493,0,0.0
2014-01-25 09:00:00,35.9543,0.04571563368522389,0,0.0
2014-01-25 09:05:00,35.7143,0.05157166899257593,0,0.0
2014-01-25 09:10:00,35.9507,0.06220630718815015,0,0.0
2014-01-25 09:15:00,35.7143,0.07088722299071408,0,0.0
2014-01-25 09:20:00,35.835,0.054614032387125235,0,0.0
2014-01-25 09:25:00,30.7692,0.15026092540451813,0,0.0
2014-01-25 09:30:00,30.7692,0.12699032817750378,0,0.0
2014-01-25 09:35:00,31.0215,0.09202078613441997,0,0.0
2014-01-25 09:40:00,33.3333,0.005486271839892879,0,0.0
2014-01-25 09:45:00,33.446,0.01312260285296128,0,0.0
2014-01-25 09:50:00,33.446,0.010573620528473946,0,0.0
2014-01-25 09:55:00,33.3333,0.0039184423635067935,0,0.0
2014-01-25 10:00:00,33.556,0.007769604630764914,0,0.0
2014-01-25 10:05:00,33.446,0.008891868844892228,0,0.0
2014-01-25 10:10:00,33.4447,0.00014849486832780069,0,0.0
2014-01-25 10:15:00,33.3333,0.0025370192869045853,0,0.0
2014-01-25 10:20:00,33.4427,0.021957126221519845,0,0.0
2014-01-25 10:25:00,33.4447,0.008268361445883724,0,0.0
2014-01-25 10:30:00,33.4427,0.02136173697377064,0,0.0
2014-01-25 10:35:00,33.4447,0.01582800965717382,0,0.0
2014-01-25 10:40:00,33.4427,0.019479234017890198,0,0.0
2014-01-25 10:45:00,35.7143,0.08277553178773203,0,0.0
2014-01-25 10:50:00,35.8314,0.06096963021440883,0,0.0
2014-01-25 10:55:00,35.835,0.05059264727102091,0,0.0
2014-01-25 11:00:00,35.9543,0.0544950316881171,0,0.0
2014-01-25 11:05:00,35.7143,0.05046521611856622,0,0.0
2014-01-25 11:10:00,35.8314,0.06151929799569007,0,0.0
2014-01-25 11:15:00,30.8977,0.13716868408808566,0,0.0
2014-01-25 11:20:00,33.3333,0.01773268432583001,0,0.0
2014-01-25 11:25:00,33.4725,0.0005310882083357028,0,0.0
2014-01-25 11:30:00,33.3333,0.007100998020418569,0,0.0
2014-01-25 11:35:00,33.3333,0.002488429236955417,0,0.0
2014-01-25 11:40:00,33.5573,0.008756683090924144,0,0.0
2014-01-25 11:45:00,33.3333,0.04077243615519395,0,0.0
2014-01-25 11:50:00,33.5553,0.016160620789194738,0,0.0
2014-01-25 11:55:00,33.3333,0.007913861719005816,0,0.0
2014-01-25 12:00:00,34.4433,0.04001587478058681,0,0.0
2014-01-25 12:05:00,35.7143,0.07795386834659059,0,0.0
2014-01-25 12:10:00,35.9529,0.06630137819897462,0,0.0
2014-01-25 12:15:00,35.7143,0.06396536849682385,0,0.0
2014-01-25 12:20:00,35.9507,0.06058768712829464,0,0.0
2014-01-25 12:25:00,35.7143,0.04678171094278944,0,0.0
2014-01-25 12:30:00,35.9507,0.06075305394773255,0,0.0
2014-01-25 12:35:00,35.7143,0.06455990450169871,0,0.0
2014-01-25 12:40:00,30.7692,0.16753229766038166,0,0.0
2014-01-25 12:45:00,33.6117,0.005824568196194707,0,0.0
2014-01-25 12:50:00,33.3333,0.050458634929137214,0,0.0
2014-01-25 12:55:00,33.446,0.033720566391588686,0,0.0
2014-01-25 13:00:00,33.4447,0.019050233169527832,0,0.0
2014-01-25 13:05:00,33.556,0.017059094636264524,0,0.0
2014-01-25 13:10:00,33.7813,0.0004933872132607273,0,0.0
2014-01-25 13:15:00,33.4447,0.004811312386114838,0,0.0
2014-01-25 13:20:00,33.4447,0.03245077056721007,0,0.0
2014-01-25 13:25:00,33.3333,0.008492348996363116,0,0.0
2014-01-25 13:30:00,33.5573,0.003816164458260128,0,0.0
2014-01-25 13:35:00,33.3333,0.025915283898243126,0,0.0
2014-01-25 13:40:00,35.8314,0.09129216805097558,0,0.0
2014-01-25 13:45:00,35.8336,0.051711605198482134,0,0.0
2014-01-25 13:50:00,35.835,0.051247527152837986,0,0.0
2014-01-25 13:55:00,35.8336,0.055849090813363735,0,0.0
2014-01-25 14:00:00,35.835,0.057811069210152013,0,0.0
2014-01-25 14:05:00,35.8336,0.04702817921017609,0,0.0
2014-01-25 14:10:00,30.8954,0.15924033005007407,0,0.0
2014-01-25 14:15:00,30.7692,0.117723650334106,0,0.0
2014-01-25 14:20:00,33.3333,0.0011877619986823767,0,0.0
2014-01-25 14:25:00,33.4742,0.032658031845447924,0,0.0
2014-01-25 14:30:00,33.4742,0.012347959489513005,0,0.0
2014-01-25 14:35:00,33.4447,0.0014213264433646394,0,0.0
2014-01-25 14:40:00,33.3333,0.02378248752406415,0,0.0
2014-01-25 14:45:00,33.4447,0.0037840707545263204,0,0.0
2014-01-25 14:50:00,33.4447,0.02344394872136335,0,0.0
2014-01-25 14:55:00,33.556,0.023192186067653036,0,0.0
2014-01-25 15:00:00,33.4427,0.01665021095527551,0,0.0
2014-01-25 15:05:00,33.6647,0.012641371525572535,0,0.0
2014-01-25 15:10:00,33.3333,0.022439415496287318,0,0.0
2014-01-25 15:15:00,33.4447,0.018363332113083136,0,0.0
2014-01-25 15:20:00,33.446,0.024246039392957445,0,0.0
2014-01-25 15:25:00,35.7143,0.07704352171807448,0,0.0
2014-01-25 15:30:00,35.9529,0.0797147590185815,0,0.0
2014-01-25 15:35:00,38.5714,0.17555222340175225,0,0.0
2014-01-25 15:40:00,39.0357,0.16420318801199768,0,0.0
2014-01-25 15:45:00,35.8336,0.002418487967658408,0,0.0
2014-01-25 15:50:00,35.8336,0.055485778418391835,0,0.0
2014-01-25 15:55:00,35.8336,0.05685483441048422,0,0.0
2014-01-25 16:00:00,35.8314,0.05675035408564313,0,0.0
2014-01-25 16:05:00,35.8314,0.06861236279466709,0,0.0
2014-01-25 16:10:00,30.8992,0.1387042263098775,0,0.0
2014-01-25 16:15:00,30.8977,0.104200003138878,0,0.0
2014-01-25 16:20:00,33.4742,0.007043424164294265,0,0.0
2014-01-25 16:25:00,33.4447,0.02109717045236301,0,0.0
2014-01-25 16:30:00,35.8314,0.0948816729349954,0,0.0
2014-01-25 16:35:00,33.3333,0.03904746763086535,0,0.0
2014-01-25 16:40:00,33.4427,0.024460041936787944,0,0.0
2014-01-25 16:45:00,33.4427,0.013029973164082644,0,0.0
2014-01-25 16:50:00,33.446,0.003958280352527148,0,0.0
2014-01-25 16:55:00,33.446,0.00021882402918400981,0,0.0
2014-01-25 17:00:00,33.4447,0.018456949288362657,0,0.0
2014-01-25 17:05:00,33.446,0.026084551420148115,0,0.0
2014-01-25 17:10:00,35.7143,0.06226725810002861,0,0.0
2014-01-25 17:15:00,33.5587,0.044184303337069984,0,0.0
2014-01-25 17:20:00,35.7143,0.051932444314881684,0,0.0
2014-01-25 17:25:00,35.8336,0.05225509902032867,0,0.0
2014-01-25 17:30:00,35.835,0.029845938974253774,0,0.0
2014-01-25 17:35:00,39.5043,0.20336169651005814,0,0.0
2014-01-25 17:40:00,31.0215,0.20003470170084212,0,0.0
2014-01-25 17:45:00,35.7143,0.08187212167164169,0,0.0
2014-01-25 17:50:00,35.835,0.06679445772705313,0,0.0
2014-01-25 17:55:00,35.7143,0.050997856993317416,0,0.0
2014-01-25 18:00:00,35.9543,0.07903608128695969,0,0.0
2014-01-25 18:05:00,30.7692,0.1399904761146922,0,0.0
2014-01-25 18:10:00,33.6092,0.006034006680451952,0,0.0
2014-01-25 18:15:00,33.3333,0.010494527006306686,0,0.0
2014-01-25 18:20:00,33.446,0.017644187156096162,0,0.0
2014-01-25 18:25:00,33.4447,0.011632781567017808,0,0.0
2014-01-25 18:30:00,33.3333,0.02962741809700561,0,0.0
2014-01-25 18:35:00,34.3313,0.0058300010595717005,0,0.0
2014-01-25 18:40:00,34.3333,0.022798447136505882,0,0.0
2014-01-25 18:45:00,33.5573,0.0022008235066430667,0,0.0
2014-01-25 18:50:00,34.7813,0.04004393418735274,0,0.0
2014-01-25 18:55:00,36.1864,0.08407407816322585,0,0.0
2014-01-25 19:00:00,35.8314,0.0583269477117953,0,0.0
2014-01-25 19:05:00,31.0277,0.14615078877565835,0,0.0
2014-01-25 19:10:00,35.7143,0.08942148566815625,0,0.0
2014-01-25 19:15:00,35.835,0.026266749585842256,0,0.0
2014-01-25 19:20:00,40.3379,0.2307475293803675,0,0.0
2014-01-25 19:25:00,30.7692,0.18879869266664567,0,0.0
2014-01-25 19:30:00,30.8954,0.13181409138206834,0,0.0
2014-01-25 19:35:00,33.3333,0.006468244436206076,0,0.0
2014-01-25 19:40:00,33.4427,0.04958540620286589,0,0.0
2014-01-25 19:45:00,35.8314,0.1396914392798688,0,0.0
2014-01-25 19:50:00,33.4447,0.03094798358668321,0,0.0
2014-01-25 19:55:00,33.3333,0.04152558240158608,0,0.0
2014-01-25 20:00:00,33.554,0.04316719694858865,0,0.0
2014-01-25 20:05:00,33.4447,0.0270110580045402,0,0.0
2014-01-25 20:10:00,33.446,0.018690961683943248,0,0.0
2014-01-25 20:15:00,33.3333,0.0002604741327962973,0,0.0
2014-01-25 20:20:00,33.47,0.02357241742444958,0,0.0
2014-01-25 20:25:00,33.4742,0.0053241004548517925,0,0.0
2014-01-25 20:30:00,35.7143,0.07170559721111723,0,0.0
2014-01-25 20:35:00,35.9557,0.056181618498083404,0,0.0
2014-01-25 20:40:00,38.9414,0.16257272422301064,0,0.0
2014-01-25 20:45:00,35.8314,0.04134144304044717,0,0.0
2014-01-25 20:50:00,35.8336,0.054101332586495285,0,0.0
2014-01-25 20:55:00,30.7692,0.14861389592422886,0,0.0
2014-01-25 21:00:00,31.0238,0.11083627728327736,0,0.0
2014-01-25 21:05:00,30.7692,0.0991445184707158,0,0.0
2014-01-25 21:10:00,33.47,0.004471954828294716,0,0.0
2014-01-25 21:15:00,33.3333,0.035920163051790716,0,0.0
2014-01-25 21:20:00,33.4427,0.034079969184790226,0,0.0
2014-01-25 21:25:00,33.4447,0.01683380097984472,0,0.0
2014-01-25 21:30:00,33.446,0.0015941100941260296,0,0.0
2014-01-25 21:35:00,33.3333,0.028900105519799005,0,0.0
2014-01-25 21:40:00,33.4427,0.012509431388199923,0,0.0
2014-01-25 21:45:00,33.446,0.012470283433844005,0,0.0
2014-01-25 21:50:00,33.4447,0.03015439353572108,0,0.0
2014-01-25 21:55:00,33.446,0.010130258136283736,0,0.0
2014-01-25 22:00:00,33.4447,0.032583094729406736,0,0.0
2014-01-25 22:05:00,35.835,0.08342905302025927,0,0.0
2014-01-25 22:10:00,39.405,0.19815930102826834,0,0.0
2014-01-25 22:15:00,35.835,0.034587960402639666,0,0.0
2014-01-25 22:20:00,35.7143,0.05317149874237112,0,0.0
2014-01-25 22:25:00,35.8336,0.0691311151476927,0,0.0
2014-01-25 22:30:00,35.835,0.03017854027925498,0,0.0
2014-01-25 22:35:00,35.7143,0.04413672987530255,0,0.0
2014-01-25 22:40:00,31.0238,0.14477420765879154,0,0.0
2014-01-25 22:45:00,30.7692,0.12077581954600865,0,0.0
2014-01-25 22:50:00,33.4725,0.007016782186241496,0,0.0
2014-01-25 22:55:00,33.4742,0.007313896343595618,0,0.0
2014-01-25 23:00:00,33.5573,0.02961017646432945,0,0.0
2014-01-25 23:05:00,33.3333,0.00596079173000507,0,0.0
2014-01-25 23:10:00,33.4447,0.02137807000397645,0,0.0
2014-01-25 23:15:00,33.4447,0.01729870060425434,0,0.0
2014-01-25 23:20:00,33.3333,0.006840445225038166,0,0.0
2014-01-25 23:25:00,35.9529,0.10840183108433683,0,0.0
2014-01-25 23:30:00,33.3333,0.0550155590288816,0,0.0
2014-01-25 23:35:00,33.5587,0.018933901987007,0,0.0
2014-01-25 23:40:00,35.7143,0.08327852948860145,0,0.0
2014-01-25 23:45:00,35.835,0.04733200592369245,0,0.0
2014-01-25 23:50:00,39.8614,0.20603723462210927,0,0.0
2014-01-25 23:55:00,35.8336,0.01369894797030895,0,0.0
2014-01-26 00:00:00,35.9521,0.04598925757261395,0,0.0
2014-01-26 00:05:00,35.8314,0.03397817558460536,0,0.0
2014-01-26 00:10:00,35.7143,0.02723939507248184,0,0.0
2014-01-26 00:15:00,35.9543,0.049464135977154385,0,0.0
2014-01-26 00:20:00,30.7692,0.15151666401356054,0,0.0
2014-01-26 00:25:00,30.8977,0.10324542283253382,0,0.0
2014-01-26 00:30:00,30.8954,0.1041916741474345,0,0.0
2014-01-26 00:35:00,33.3333,0.021315844770019104,0,0.0
2014-01-26 00:40:00,33.5553,0.018054742884752083,0,0.0
2014-01-26 00:45:00,33.3333,0.00650935206007326,0,0.0
2014-01-26 00:50:00,30.7692,0.1165995403930867,0,0.0
2014-01-26 00:55:00,35.9529,0.11924564139905085,0,0.0
2014-01-26 01:00:00,33.5573,0.014343659269493537,0,0.0
2014-01-26 01:05:00,33.3333,0.021361223028738843,0,0.0
2014-01-26 01:10:00,33.5587,0.007189838406965299,0,0.0
2014-01-26 01:15:00,33.3333,0.039674457415512634,0,0.0
2014-01-26 01:20:00,33.3333,0.039965346641293545,0,0.0
2014-01-26 01:25:00,33.6067,0.017800616977575366,0,0.0
2014-01-26 01:30:00,36.13,0.07850615137473453,0,0.0
2014-01-26 01:35:00,37.1429,0.07192394536021565,0,0.0
2014-01-26 01:40:00,35.7143,0.0315903156559683,0,0.0
2014-01-26 01:45:00,35.9507,0.047400970556989525,0,0.0
2014-01-26 01:50:00,35.7143,0.050196996079276725,0,0.0
2014-01-26 01:55:00,35.7143,0.023566828189993123,0,0.0
2014-01-26 02:00:00,35.9543,0.0869236936359873,0,0.0
2014-01-26 02:05:00,35.9507,0.08085838981764985,0,0.0
2014-01-26 02:10:00,30.7692,0.1398574634806728,0,0.0
2014-01-26 02:15:00,31.0254,0.09284888030372586,0,0.0
2014-01-26 02:20:00,33.3333,0.032237133976016685,0,0.0
2014-01-26 02:25:00,33.4427,0.005194335023003975,0,0.0
2014-01-26 02:30:00,33.5573,0.019488798470265845,0,0.0
2014-01-26 02:35:00,33.3333,0.009215831957522637,0,0.0
2014-01-26 02:40:00,33.5573,0.01779324554796164,0,0.0
2014-01-26 02:45:00,33.3333,0.02891605138903305,0,0.0
2014-01-26 02:50:00,33.3333,0.002985231398180989,0,0.0
2014-01-26 02:55:00,33.6687,0.011412185207267864,0,0.0
2014-01-26 03:00:00,33.5573,0.018358482703016724,0,0.0
2014-01-26 03:05:00,33.3333,0.026837098640397062,0,0.0
2014-01-26 03:10:00,37.5879,0.15714016055837102,0,0.0
2014-01-26 03:15:00,39.7621,0.19505801318600052,0,0.0
2014-01-26 03:20:00,37.705,0.07027713973552324,0,0.0
2014-01-26 03:25:00,30.7692,0.19595639918106086,0,0.0
2014-01-26 03:30:00,35.835,0.0962523444847983,0,0.0
2014-01-26 03:35:00,35.8314,0.040115441479874635,0,0.0
2014-01-26 03:40:00,30.7692,0.17503723905633287,0,0.0
2014-01-26 03:45:00,30.8992,0.07553539427140744,0,0.0
2014-01-26 03:50:00,30.7692,0.11272519294600225,0,0.0
2014-01-26 03:55:00,33.615,0.01893366872751507,0,0.0
2014-01-26 04:00:00,33.3333,0.014351622402512691,0,0.0
2014-01-26 04:05:00,33.4447,0.0423322057354559,0,0.0
2014-01-26 04:10:00,33.3333,0.0027011266743460203,0,0.0
2014-01-26 04:15:00,33.5553,0.012406016958751676,0,0.0
2014-01-26 04:20:00,35.7143,0.11770951091480727,0,0.0
2014-01-26 04:25:00,33.3333,0.005387352115401347,0,0.0
2014-01-26 04:30:00,35.9543,0.08308731724627888,0,0.0
2014-01-26 04:35:00,33.3333,0.06892336033109281,0,0.0
2014-01-26 04:40:00,33.5553,0.02972356517671526,0,0.0
2014-01-26 04:45:00,33.3333,0.013957426836547585,0,0.0
2014-01-26 04:50:00,33.3333,0.04046903612811968,0,0.0
2014-01-26 04:55:00,38.9314,0.19314317102690184,0,0.0
2014-01-26 05:00:00,34.1127,0.05777437648333845,0,0.0
2014-01-26 05:05:00,33.3333,0.033109611326170574,0,0.0
2014-01-26 05:10:00,35.8336,0.06859561022268734,0,0.0
2014-01-26 05:15:00,35.835,0.028809473029512995,0,0.0
2014-01-26 05:20:00,35.835,0.06261396840771234,0,0.0
2014-01-26 05:25:00,35.835,0.10311694531402456,0,0.0
2014-01-26 05:30:00,30.7692,0.12108815263823425,0,0.0
2014-01-26 05:35:00,35.9529,0.10999539412059683,0,0.0
2014-01-26 05:40:00,35.7143,0.08203587583933854,0,0.0
2014-01-26 05:45:00,30.7692,0.13206306145430896,0,0.0
2014-01-26 05:50:00,33.6108,0.03515839313626115,0,0.0
2014-01-26 05:55:00,33.3333,0.023260866797090544,0,0.0
2014-01-26 06:00:00,33.556,0.039529133997122205,0,0.0
2014-01-26 06:05:00,33.3333,0.012320864609930524,0,0.0
2014-01-26 06:10:00,33.556,0.004114516332046211,0,0.0
2014-01-26 06:15:00,33.3333,0.055143666578028036,0,0.0
2014-01-26 06:20:00,33.3333,0.025636019891057852,0,0.0
2014-01-26 06:25:00,33.5553,0.000959024399897969,0,0.0
2014-01-26 06:30:00,33.3333,0.010909977136483687,0,0.0
2014-01-26 06:35:00,35.872,0.06491754783092528,0,0.0
2014-01-26 06:40:00,35.556,0.049900374152787134,0,0.0
2014-01-26 06:45:00,33.446,0.03678073511123781,0,0.0
2014-01-26 06:50:00,33.4447,0.024225467682035373,0,0.0
2014-01-26 06:55:00,33.3333,0.04135698225705811,0,0.0
2014-01-26 07:00:00,35.9557,0.06460015399130598,0,0.0
2014-01-26 07:05:00,35.9521,0.07464112726599814,0,0.0
2014-01-26 07:10:00,35.7143,0.06463778839922164,0,0.0
2014-01-26 07:15:00,35.7143,0.04061871043593592,0,0.0
2014-01-26 07:20:00,35.9543,0.04588773472773598,0,0.0
2014-01-26 07:25:00,30.7692,0.14157000428326216,0,0.0
2014-01-26 07:30:00,35.835,0.1235007137685664,0,0.0
2014-01-26 07:35:00,33.3333,0.013475156368427908,0,0.0
2014-01-26 07:40:00,30.7692,0.13650568689528705,0,0.0
2014-01-26 07:45:00,31.0238,0.06947541120587028,0,0.0
2014-01-26 07:50:00,33.3333,0.010501497992151887,0,0.0
2014-01-26 07:55:00,33.4427,0.0276366352587419,0,0.0
2014-01-26 08:00:00,30.8977,0.1225616036891022,0,0.0
2014-01-26 08:05:00,33.552,0.04713260646497842,0,0.0
2014-01-26 08:10:00,33.3333,0.024847675394331633,0,0.0
2014-01-26 08:15:00,35.22400000000001,0.0629701769336099,0,0.0
2014-01-26 08:20:00,36.1093,0.0953052550617242,0,0.0
2014-01-26 08:25:00,33.4447,0.02701236771382486,0,0.0
2014-01-26 08:30:00,33.446,0.04587636270173685,0,0.0
2014-01-26 08:35:00,35.7143,0.06889938739169618,0,0.0
2014-01-26 08:40:00,35.835,0.0499737511827163,0,0.0
2014-01-26 08:45:00,36.3114,0.0812478110204585,0,0.0
2014-01-26 08:50:00,36.3079,0.06916195553586241,0,0.0
2014-01-26 08:55:00,35.8314,0.0337718829662679,0,0.0
2014-01-26 09:00:00,35.835,0.04098878318948133,0,0.0
2014-01-26 09:05:00,35.835,0.06191066798063955,0,0.0
2014-01-26 09:10:00,35.8314,0.0514995473298487,0,0.0
2014-01-26 09:15:00,30.8977,0.1508474306255679,0,0.0
2014-01-26 09:20:00,35.8336,0.13138296842137578,0,0.0
2014-01-26 09:25:00,35.7143,0.07399006507964058,0,0.0
2014-01-26 09:30:00,30.8992,0.13206283886886286,0,0.0
2014-01-26 09:35:00,33.4742,0.026530336309744874,0,0.0
2014-01-26 09:40:00,33.4725,0.0068649250305828965,0,0.0
2014-01-26 09:45:00,33.446,0.017693361108088848,0,0.0
2014-01-26 09:50:00,33.4447,0.010077035651158169,0,0.0
2014-01-26 09:55:00,33.8887,0.028830407312248136,0,0.0
2014-01-26 10:00:00,38.46,0.1639040151094642,0,0.0
2014-01-26 10:05:00,33.556,0.07261644027371097,0,0.0
2014-01-26 10:10:00,33.3333,0.030365827012910594,0,0.0
2014-01-26 10:15:00,33.3333,0.02526954858664977,0,0.0
2014-01-26 10:20:00,33.5573,0.05098583939236893,0,0.0
2014-01-26 10:25:00,33.3333,0.040817661426818135,0,0.0
2014-01-26 10:30:00,35.8336,0.09140824680457796,0,0.0
2014-01-26 10:35:00,35.7143,0.04718656896899677,0,0.0
2014-01-26 10:40:00,35.8314,0.0029862520430595104,0,0.0
2014-01-26 10:45:00,35.8336,0.044463462884485216,0,0.0
2014-01-26 10:50:00,35.7143,0.04329725457065072,0,0.0
2014-01-26 10:55:00,35.835,0.07123442406636014,0,0.0
2014-01-26 11:00:00,35.9521,0.062096704624662026,0,0.0
2014-01-26 11:05:00,35.7143,0.06943265330363428,0,0.0
2014-01-26 11:10:00,30.7692,0.1404464511669938,0,0.0
2014-01-26 11:15:00,33.4725,0.0052393517914391145,0,0.0
2014-01-26 11:20:00,33.4447,0.020189542896565875,0,0.0
2014-01-26 11:25:00,33.4427,0.017062526076903832,0,0.0
2014-01-26 11:30:00,33.3333,0.009912991679686952,0,0.0
2014-01-26 11:35:00,33.4447,0.002549400642966226,0,0.0
2014-01-26 11:40:00,37.8707,0.15428252505447762,0,0.0
2014-01-26 11:45:00,33.446,0.05417494953348096,0,0.0
2014-01-26 11:50:00,33.446,0.00812665965579036,0,0.0
2014-01-26 11:55:00,33.4447,0.01891234654479052,0,0.0
2014-01-26 12:00:00,33.5553,0.026123365944429936,0,0.0
2014-01-26 12:05:00,35.7143,0.06834820484814111,0,0.0
2014-01-26 12:10:00,35.835,0.07982907151349918,0,0.0
2014-01-26 12:15:00,35.8336,0.048805319580891626,0,0.0
2014-01-26 12:20:00,35.8314,0.028395974027769843,0,0.0
2014-01-26 12:25:00,35.7143,0.03479807764933515,0,0.0
2014-01-26 12:30:00,35.835,0.05156346739682819,0,0.0
2014-01-26 12:35:00,31.0238,0.15493929074757998,0,0.0
2014-01-26 12:40:00,33.4725,0.007912996583441165,0,0.0
2014-01-26 12:45:00,33.4427,0.025205644959732997,0,0.0
2014-01-26 12:50:00,33.3333,0.027388900035045446,0,0.0
2014-01-26 12:55:00,33.552,0.008300801348294706,0,0.0
2014-01-26 13:00:00,33.446,0.02674165968664198,0,0.0
2014-01-26 13:05:00,33.4427,0.012324134239368595,0,0.0
2014-01-26 13:10:00,33.3333,0.0090182349617079,0,0.0
2014-01-26 13:15:00,33.5573,0.042447454751985116,0,0.0
2014-01-26 13:20:00,36.3313,0.10953231082966924,0,0.0
2014-01-26 13:25:00,34.8893,0.026395618862842724,0,0.0
2014-01-26 13:30:00,33.47,0.04412598501824733,0,0.0
2014-01-26 13:35:00,33.446,0.023989790159251716,0,0.0
2014-01-26 13:40:00,35.9507,0.07001104289596383,0,0.0
2014-01-26 13:45:00,35.7143,0.030518892079399864,0,0.0
2014-01-26 13:50:00,35.8336,0.06300049122731187,0,0.0
2014-01-26 13:55:00,35.7143,0.06594507868483307,0,0.0
2014-01-26 14:00:00,35.9543,0.03843219239379474,0,0.0
2014-01-26 14:05:00,35.7143,0.03536882875893623,0,0.0
2014-01-26 14:10:00,35.9543,0.04899472085285295,0,0.0
2014-01-26 14:15:00,30.7692,0.14909101470269634,0,0.0
2014-01-26 14:20:00,33.3333,0.011562753189376808,0,0.0
2014-01-26 14:25:00,33.556,0.0010717292365473301,0,0.0
2014-01-26 14:30:00,33.3333,0.014396914306010387,0,0.0
2014-01-26 14:35:00,33.5553,0.012939455728401794,0,0.0
2014-01-26 14:40:00,33.3333,0.012179246451789541,0,0.0
2014-01-26 14:45:00,33.446,0.01799971679263605,0,0.0
2014-01-26 14:50:00,33.4447,0.011633761760734005,0,0.0
2014-01-26 14:55:00,33.3333,0.009899909290664779,0,0.0
2014-01-26 15:00:00,35.455999999999996,0.06523683116621916,0,0.0
2014-01-26 15:05:00,36.11,0.07981894531656854,0,0.0
2014-01-26 15:10:00,33.3333,0.05989320939196919,0,0.0
2014-01-26 15:15:00,33.3333,0.02467336377284448,0,0.0
2014-01-26 15:20:00,35.9529,0.0645188241429348,0,0.0
2014-01-26 15:25:00,35.8314,0.031504567145535615,0,0.0
2014-01-26 15:30:00,35.8336,0.04997670723922689,0,0.0
2014-01-26 15:35:00,37.8621,0.15510811133755092,0,0.0
2014-01-26 15:40:00,38.2136,0.1128064878905465,0,0.0
2014-01-26 15:45:00,30.8954,0.2054618289359882,0,0.0
2014-01-26 15:50:00,36.8986,0.14258370462797135,0,0.0
2014-01-26 15:55:00,30.7692,0.15005111593033546,0,0.0
2014-01-26 16:00:00,33.6133,0.006302046655839478,0,0.0
2014-01-26 16:05:00,33.6133,0.016310460064398926,0,0.0
2014-01-26 16:10:00,33.3333,0.012251760434822694,0,0.0
2014-01-26 16:15:00,33.3333,0.018073015573980996,0,0.0
2014-01-26 16:20:00,33.5553,0.0052917114608706205,0,0.0
2014-01-26 16:25:00,33.3333,0.0011485734717243325,0,0.0
2014-01-26 16:30:00,33.5553,0.009264144060507459,0,0.0
2014-01-26 16:35:00,33.3333,0.012411089331760106,0,0.0
2014-01-26 16:40:00,34.3347,0.012299481155385485,0,0.0
2014-01-26 16:45:00,36.984,0.1340107031971214,0,0.0
2014-01-26 16:50:00,33.3333,0.07596950229777491,0,0.0
2014-01-26 16:55:00,35.9507,0.0762359289270651,0,0.0
2014-01-26 17:00:00,33.4427,0.0723969118963831,0,0.0
2014-01-26 17:05:00,35.8336,0.06370052496616005,0,0.0
2014-01-26 17:10:00,35.7143,0.04190129432066162,0,0.0
2014-01-26 17:15:00,35.9521,0.06419232386638317,0,0.0
2014-01-26 17:20:00,35.7143,0.027810027369125655,0,0.0
2014-01-26 17:25:00,35.835,0.04558830838237333,0,0.0
2014-01-26 17:30:00,35.835,0.03027251859429841,0,0.0
2014-01-26 17:35:00,35.7143,0.04771641447640273,0,0.0
2014-01-26 17:40:00,35.835,0.0742086255707641,0,0.0
2014-01-26 17:45:00,35.7143,0.051309083018750264,0,0.0
2014-01-26 17:50:00,30.8977,0.10908414384305674,0,0.0
2014-01-26 17:55:00,33.4725,0.011314792731246423,0,0.0
2014-01-26 18:00:00,33.446,0.0107843694668157,0,0.0
2014-01-26 18:05:00,33.4427,0.032386049342774864,0,0.0
2014-01-26 18:10:00,33.446,0.0009056506071252416,0,0.0
2014-01-26 18:15:00,33.4447,0.020029054693786828,0,0.0
2014-01-26 18:20:00,33.4447,0.021225212429527053,0,0.0
2014-01-26 18:25:00,37.906,0.1542589411921577,0,0.0
2014-01-26 18:30:00,33.556,0.031137090584167457,0,0.0
2014-01-26 18:35:00,33.3333,0.04326150627930109,0,0.0
2014-01-26 18:40:00,35.7143,0.08169511869444795,0,0.0
2014-01-26 18:45:00,35.9543,0.03331402895700405,0,0.0
2014-01-26 18:50:00,35.7143,0.03454382083206474,0,0.0
2014-01-26 18:55:00,35.835,0.05440419529973592,0,0.0
2014-01-26 19:00:00,35.835,0.02995396881735668,0,0.0
2014-01-26 19:05:00,35.9543,0.020354102612217102,0,0.0
2014-01-26 19:10:00,35.7143,0.04798089401518182,0,0.0
2014-01-26 19:15:00,35.835,0.04933643088387564,0,0.0
2014-01-26 19:20:00,35.8336,0.046911119597957913,0,0.0
2014-01-26 19:25:00,30.8954,0.17376344603641014,0,0.0
2014-01-26 19:30:00,33.4742,0.019555305598477398,0,0.0
2014-01-26 19:35:00,33.3333,0.01705415931730137,0,0.0
2014-01-26 19:40:00,33.446,0.019890945472379462,0,0.0
2014-01-26 19:45:00,33.4447,0.0022296028983336052,0,0.0
2014-01-26 19:50:00,33.4447,0.00219979575481206,0,0.0
2014-01-26 19:55:00,33.4447,0.0032136665746835768,0,0.0
2014-01-26 20:00:00,33.4447,0.0120885795987999,0,0.0
2014-01-26 20:05:00,38.111999999999995,0.18859443967491124,0,0.0
2014-01-26 20:10:00,33.5553,0.056472986895631475,0,0.0
2014-01-26 20:15:00,33.3333,0.031351264444659036,0,0.0
2014-01-26 20:20:00,33.5573,0.029642038093082936,0,0.0
2014-01-26 20:25:00,33.3333,0.0464933234019963,0,0.0
2014-01-26 20:30:00,33.4427,0.04458272604712449,0,0.0
2014-01-26 20:35:00,35.8336,0.07599944188584205,0,0.0
2014-01-26 20:40:00,35.7143,0.03708343114692588,0,0.0
2014-01-26 20:45:00,35.8314,0.025279496583540624,0,0.0
2014-01-26 20:50:00,35.835,0.04794083155601739,0,0.0
2014-01-26 20:55:00,35.8336,0.04506546698361075,0,0.0
2014-01-26 21:00:00,35.8314,0.05313175841819456,0,0.0
2014-01-26 21:05:00,35.8314,0.0704969963382904,0,0.0
2014-01-26 21:10:00,35.8336,0.07106968682705855,0,0.0
2014-01-26 21:15:00,30.8977,0.148088261137413,0,0.0
2014-01-26 21:20:00,30.7692,0.09815854541146048,0,0.0
2014-01-26 21:25:00,31.0277,0.09500673948535623,0,0.0
2014-01-26 21:30:00,33.3333,0.020104410145611217,0,0.0
2014-01-26 21:35:00,33.4725,0.0010948244708333431,0,0.0
2014-01-26 21:40:00,33.4742,0.0012564209094979562,0,0.0
2014-01-26 21:45:00,37.908,0.15498855009352625,0,0.0
2014-01-26 21:50:00,33.5573,0.05945574979021522,0,0.0
2014-01-26 21:55:00,33.3333,0.016309341900280674,0,0.0
2014-01-26 22:00:00,33.7525,0.011440308765294076,0,0.0
2014-01-26 22:05:00,33.3333,0.02327841260066652,0,0.0
2014-01-26 22:10:00,33.4427,0.02744351109176245,0,0.0
2014-01-26 22:15:00,33.4447,0.009710416764856915,0,0.0
2014-01-26 22:20:00,33.4447,0.030142265923032582,0,0.0
2014-01-26 22:25:00,33.4447,0.05597499606051623,0,0.0
2014-01-26 22:30:00,33.3333,0.04501396653910266,0,0.0
2014-01-26 22:35:00,35.8336,0.07519502033194712,0,0.0
2014-01-26 22:40:00,35.8314,0.05417415408318334,0,0.0
2014-01-26 22:45:00,35.8314,0.049622900839488886,0,0.0
2014-01-26 22:50:00,35.7143,0.05355802416487192,0,0.0
2014-01-26 22:55:00,35.7143,0.06539540793661079,0,0.0
2014-01-26 23:00:00,35.9507,0.07156267383152255,0,0.0
2014-01-26 23:05:00,39.5279,0.21998419170476188,0,0.0
2014-01-26 23:10:00,30.7692,0.1654710533879083,0,0.0
2014-01-26 23:15:00,30.8992,0.08952798755532983,0,0.0
2014-01-26 23:20:00,33.3333,0.04167550410392569,0,0.0
2014-01-26 23:25:00,33.4447,0.03190622083063724,0,0.0
2014-01-26 23:30:00,33.5593,0.005325061991511525,0,0.0
2014-01-26 23:35:00,33.3333,0.022282703000475447,0,0.0
2014-01-26 23:40:00,33.6092,0.03968940008612648,0,0.0
2014-01-26 23:45:00,33.3333,0.05251764029324227,0,0.0
2014-01-26 23:50:00,30.7692,0.10465686207740348,0,0.0
2014-01-26 23:55:00,33.446,0.03676780113056608,0,0.0
2014-01-27 00:00:00,33.556,0.01295151296255983,0,0.0
2014-01-27 00:05:00,33.3333,0.023535206314502944,0,0.0
2014-01-27 00:10:00,33.5587,0.00838347446377264,0,0.0
2014-01-27 00:15:00,35.7143,0.06482623329897948,0,0.0
2014-01-27 00:20:00,35.7143,0.029195886549269263,0,0.0
2014-01-27 00:25:00,35.9507,0.03518011327391523,0,0.0
2014-01-27 00:30:00,35.7143,0.06183240595428775,0,0.0
2014-01-27 00:35:00,35.8314,0.04187389687354565,0,0.0
2014-01-27 00:40:00,35.8336,0.03807215607435783,0,0.0
2014-01-27 00:45:00,38.465,0.13517309578922068,0,0.0
2014-01-27 00:50:00,36.7871,0.07871591288536828,0,0.0
2014-01-27 00:55:00,30.7692,0.179854633702891,0,0.0
2014-01-27 01:00:00,31.0215,0.1052060215576616,0,0.0
2014-01-27 01:05:00,30.7692,0.0930503494804677,0,0.0
2014-01-27 01:10:00,33.4742,0.03067690399053864,0,0.0
2014-01-27 01:15:00,30.7692,0.08072632569378987,0,0.0
2014-01-27 01:20:00,33.554,0.04635693467718555,0,0.0
2014-01-27 01:25:00,33.3333,0.022631969363462127,0,0.0
2014-01-27 01:30:00,33.4447,0.01763639332327993,0,0.0
2014-01-27 01:35:00,33.4447,0.005629468095038712,0,0.0
2014-01-27 01:40:00,33.3333,0.003930087425402021,0,0.0
2014-01-27 01:45:00,33.5573,0.011501882343508074,0,0.0
2014-01-27 01:50:00,33.3333,0.017956719980937584,0,0.0
2014-01-27 01:55:00,33.4427,0.0017063981260523045,0,0.0
2014-01-27 02:00:00,33.5587,0.03799276733792322,0,0.0
2014-01-27 02:05:00,33.4447,0.05438589483389067,0,0.0
2014-01-27 02:10:00,35.7143,0.03543067696278033,0,0.0
2014-01-27 02:15:00,35.8314,0.04803956483324516,0,0.0
2014-01-27 02:20:00,35.8336,0.03700409727984165,0,0.0
2014-01-27 02:25:00,38.465,0.15203805553406685,0,0.0
2014-01-27 02:30:00,36.7679,0.04853644772660005,0,0.0
2014-01-27 02:35:00,35.7143,0.05245944535561239,0,0.0
2014-01-27 02:40:00,35.8336,0.06381571768999443,0,0.0
2014-01-27 02:45:00,35.7143,0.0663625419401385,0,0.0
2014-01-27 02:50:00,35.9543,0.07093143133785215,0,0.0
2014-01-27 02:55:00,30.7692,0.11494750991121765,0,0.0
2014-01-27 03:00:00,33.6133,0.051727214785019085,0,0.0
2014-01-27 03:05:00,33.3333,0.0025493710078407987,0,0.0
2014-01-27 03:10:00,33.5573,0.00015120341722450184,0,0.0
2014-01-27 03:15:00,33.3333,0.00935326401379866,0,0.0
2014-01-27 03:20:00,33.4447,0.0048568404912180925,0,0.0
2014-01-27 03:25:00,33.4447,0.025127631098779274,0,0.0
2014-01-27 03:30:00,33.3333,0.022129939499356332,0,0.0
2014-01-27 03:35:00,35.1953,0.08275966126173998,0,0.0
2014-01-27 03:40:00,35.2207,0.04276297812861342,0,0.0
2014-01-27 03:45:00,33.3333,0.04210681110636688,0,0.0
2014-01-27 03:50:00,33.446,0.031883469039714764,0,0.0
2014-01-27 03:55:00,35.835,0.07575827723595582,0,0.0
2014-01-27 04:00:00,35.9543,0.03999975349399817,0,0.0
2014-01-27 04:05:00,38.5921,0.14066293711312694,0,0.0
2014-01-27 04:10:00,36.5479,0.03302456335232905,0,0.0
2014-01-27 04:15:00,35.9529,0.016885001988222112,0,0.0
2014-01-27 04:20:00,35.7143,0.01091120864328893,0,0.0
2014-01-27 04:25:00,35.9529,0.042132347119151176,0,0.0
2014-01-27 04:30:00,35.7143,0.03567172171402295,0,0.0
2014-01-27 04:35:00,30.7692,0.1430839294497534,0,0.0
2014-01-27 04:40:00,31.0238,0.09246048412788822,0,0.0
2014-01-27 04:45:00,30.7692,0.10162646522004944,0,0.0
2014-01-27 04:50:00,33.6133,0.035516857477504535,0,0.0
2014-01-27 04:55:00,33.3333,0.0024505063641669838,0,0.0
2014-01-27 05:00:00,33.5553,0.018879760130268042,0,0.0
2014-01-27 05:05:00,33.3333,0.011731393319310376,0,0.0
2014-01-27 05:10:00,33.552,0.0028568097251332305,0,0.0
2014-01-27 05:15:00,33.3333,0.010238358703096771,0,0.0
2014-01-27 05:20:00,33.446,0.005550751946667182,0,0.0
2014-01-27 05:25:00,33.4427,0.00997869609006157,0,0.0
2014-01-27 05:30:00,33.3333,0.03750032682832621,0,0.0
2014-01-27 05:35:00,33.554,0.030435906283032943,0,0.0
2014-01-27 05:40:00,36.0714,0.06516106927736517,0,0.0
2014-01-27 05:45:00,39.3814,0.16868485566865926,0,0.0
2014-01-27 05:50:00,36.3093,0.007990259756225238,0,0.0
2014-01-27 05:55:00,35.7143,0.03242126605420264,0,0.0
2014-01-27 06:00:00,35.9507,0.040745688549966366,0,0.0
2014-01-27 06:05:00,35.7143,0.026137924643011425,0,0.0
2014-01-27 06:10:00,35.9529,0.04539177838262448,0,0.0
2014-01-27 06:15:00,35.7143,0.07694774107275182,0,0.0
2014-01-27 06:20:00,30.8954,0.144556271658358,0,0.0
2014-01-27 06:25:00,33.4725,0.01332171369134326,0,0.0
2014-01-27 06:30:00,33.3333,0.004215144394025885,0,0.0
2014-01-27 06:35:00,33.3333,0.004202737835561633,0,0.0
2014-01-27 06:40:00,33.4447,0.035528490682978066,0,0.0
2014-01-27 06:45:00,33.4427,0.008861240865426511,0,0.0
2014-01-27 06:50:00,33.4447,0.0035761843345617564,0,0.0
2014-01-27 06:55:00,33.446,0.015671581639473006,0,0.0
2014-01-27 07:00:00,33.4427,0.0045013431583471285,0,0.0
2014-01-27 07:05:00,33.4427,0.02875531742644217,0,0.0
2014-01-27 07:10:00,33.4447,0.011321401573521643,0,0.0
2014-01-27 07:15:00,33.4427,0.01991454505052853,0,0.0
2014-01-27 07:20:00,33.3333,0.02775868489758187,0,0.0
2014-01-27 07:25:00,40.005,0.22683417737092665,0,0.0
2014-01-27 07:30:00,36.7879,0.03125137647647985,0,0.0
2014-01-27 07:35:00,35.9507,0.012694593552916812,0,0.0
2014-01-27 07:40:00,35.7143,0.03141368616509044,0,0.0
2014-01-27 07:45:00,35.9543,0.017564029973651855,0,0.0
2014-01-27 07:50:00,35.7143,0.02157051403611321,0,0.0
2014-01-27 07:55:00,35.7143,0.0521249817877655,0,0.0
2014-01-27 08:00:00,35.9529,0.08624734262364897,0,0.0
2014-01-27 08:05:00,35.9486,0.038192694648736605,0,0.0
2014-01-27 08:10:00,35.7143,0.05442605800393933,0,0.0
2014-01-27 08:15:00,35.7143,0.06588600566337385,0,0.0
2014-01-27 08:20:00,35.9507,0.08559315237512832,0,0.0
2014-01-27 08:25:00,30.7692,0.13601497991776115,0,0.0
2014-01-27 08:30:00,33.47,0.034962217208082715,0,0.0
2014-01-27 08:35:00,33.4725,0.00828024473592589,0,0.0
2014-01-27 08:40:00,33.4447,0.01739579302433867,0,0.0
2014-01-27 08:45:00,33.4447,0.020341432446941612,0,0.0
2014-01-27 08:50:00,33.4447,0.018084264271742742,0,0.0
2014-01-27 08:55:00,33.4427,0.029641069926168582,0,0.0
2014-01-27 09:00:00,34.0007,0.005579912379129082,0,0.0
2014-01-27 09:05:00,37.4633,0.13945996905925645,0,0.0
2014-01-27 09:10:00,33.4427,0.07055401294788625,0,0.0
2014-01-27 09:15:00,33.4447,0.03763007849322428,0,0.0
2014-01-27 09:20:00,35.7143,0.04248648353063464,0,0.0
2014-01-27 09:25:00,35.9529,0.023573134192437242,0,0.0
2014-01-27 09:30:00,35.7143,0.003628305092293778,0,0.0
2014-01-27 09:35:00,35.8314,0.03862939007737603,0,0.0
2014-01-27 09:40:00,30.8977,0.17821690188088835,0,0.0
2014-01-27 09:45:00,35.8314,0.0866533262433602,0,0.0
2014-01-27 09:50:00,30.7692,0.15073587106183692,0,0.0
2014-01-27 09:55:00,33.3333,0.009115553545706732,0,0.0
2014-01-27 10:00:00,33.6133,0.004816776368571842,0,0.0
2014-01-27 10:05:00,33.4447,0.022665641885967244,0,0.0
2014-01-27 10:10:00,33.4427,0.012961747183541393,0,0.0
2014-01-27 10:15:00,33.4447,0.006768682602513403,0,0.0
2014-01-27 10:20:00,33.446,0.01427458027178275,0,0.0
2014-01-27 10:25:00,33.4447,0.016914198910950837,0,0.0
2014-01-27 10:30:00,33.4447,0.036574441477731916,0,0.0
2014-01-27 10:35:00,33.3333,0.010228838410695476,0,0.0
2014-01-27 10:40:00,35.0167,0.0609785042333288,0,0.0
2014-01-27 10:45:00,38.9286,0.16539514542365827,0,0.0
2014-01-27 10:50:00,35.8336,0.02263968478778192,0,0.0
2014-01-27 10:55:00,35.835,0.03968727566590094,0,0.0
2014-01-27 11:00:00,35.9543,0.05045030485282675,0,0.0
2014-01-27 11:05:00,35.7143,0.02076211244302769,0,0.0
2014-01-27 11:10:00,35.8336,0.05427453102491856,0,0.0
2014-01-27 11:15:00,30.8954,0.15181809487621922,0,0.0
2014-01-27 11:20:00,30.8977,0.0927076847989266,0,0.0
2014-01-27 11:25:00,33.4742,0.024161757971781404,0,0.0
2014-01-27 11:30:00,33.3333,0.015000295663121962,0,0.0
2014-01-27 11:35:00,33.4427,0.0011230230168513356,0,0.0
2014-01-27 11:40:00,33.4427,0.005587305303456729,0,0.0
2014-01-27 11:45:00,33.4447,0.006139127483717368,0,0.0
2014-01-27 11:50:00,33.4447,0.003260684949956736,0,0.0
2014-01-27 11:55:00,33.3333,0.02464761237967144,0,0.0
2014-01-27 12:00:00,33.5573,0.008683400016800853,0,0.0
2014-01-27 12:05:00,33.5553,0.01729131723061049,0,0.0
2014-01-27 12:10:00,33.3333,0.027768973536302748,0,0.0
2014-01-27 12:15:00,33.4447,0.01900999980251125,0,0.0
2014-01-27 12:20:00,37.28,0.13074054980299915,0,0.0
2014-01-27 12:25:00,37.9586,0.09568072784300616,0,0.0
2014-01-27 12:30:00,35.835,0.013807131625658043,0,0.0
2014-01-27 12:35:00,35.7143,0.04106256590845683,0,0.0
2014-01-27 12:40:00,30.8954,0.17675747403973074,0,0.0
2014-01-27 12:45:00,30.7692,0.13623288874717734,0,0.0
2014-01-27 12:50:00,33.4725,0.003334878074151503,0,0.0
2014-01-27 12:55:00,33.446,0.0006157126564928198,0,0.0
2014-01-27 13:00:00,33.554,0.0045090018782889645,0,0.0
2014-01-27 13:05:00,33.3333,0.016856247967118668,0,0.0
2014-01-27 13:10:00,33.4447,0.004021800817538689,0,0.0
2014-01-27 13:15:00,33.4427,0.00037333405388224346,0,0.0
2014-01-27 13:20:00,35.7143,0.12994427255958482,0,0.0
2014-01-27 13:25:00,35.9507,0.10992215259792357,0,0.0
2014-01-27 13:30:00,35.7143,0.0705341613016755,0,0.0
2014-01-27 13:35:00,35.835,0.06333309466112888,0,0.0
2014-01-27 13:40:00,35.7143,0.03725457457142334,0,0.0
2014-01-27 13:45:00,35.7143,0.03389307538875566,0,0.0
2014-01-27 13:50:00,35.9543,0.05191508840127678,0,0.0
2014-01-27 13:55:00,30.7692,0.15900369115641205,0,0.0
2014-01-27 14:00:00,33.4385,0.003748561750592672,0,0.0
2014-01-27 14:05:00,35.0233,0.04216420267100463,0,0.0
2014-01-27 14:10:00,33.47,0.05367999199157997,0,0.0
2014-01-27 14:15:00,33.4427,0.03453024259937053,0,0.0
2014-01-27 14:20:00,33.4427,0.01932536908778595,0,0.0
2014-01-27 14:25:00,33.4427,0.030131679668666426,0,0.0
2014-01-27 14:30:00,33.4447,0.017809255578479406,0,0.0
2014-01-27 14:35:00,33.3333,0.031775691131949675,0,0.0
2014-01-27 14:40:00,33.4447,0.014903017114004168,0,0.0
2014-01-27 14:45:00,33.446,0.009787239892421223,0,0.0
2014-01-27 14:50:00,33.3333,0.010140158103030142,0,0.0
2014-01-27 14:55:00,35.9507,0.0913163741853854,0,0.0
2014-01-27 15:00:00,35.8314,0.03346723083662606,0,0.0
2014-01-27 15:05:00,35.835,0.030768699229821117,0,0.0
2014-01-27 15:10:00,35.7143,0.04034980130297442,0,0.0
2014-01-27 15:15:00,35.9543,0.05053022189818565,0,0.0
2014-01-27 15:20:00,35.7143,0.029560908831258174,0,0.0
2014-01-27 15:25:00,35.835,0.03497492241621082,0,0.0
2014-01-27 15:30:00,35.8314,0.037586395782110996,0,0.0
2014-01-27 15:35:00,30.7692,0.15858421410385326,0,0.0
2014-01-27 15:40:00,34.3631,0.0417733421445306,0,0.0
2014-01-27 15:45:00,34.0167,0.0019049947542299547,0,0.0
2014-01-27 15:50:00,33.4742,0.010410372477537474,0,0.0
2014-01-27 15:55:00,33.3333,0.0006870962869990077,0,0.0
2014-01-27 16:00:00,33.554,0.013175521729892866,0,0.0
2014-01-27 16:05:00,33.3333,0.01660731748602079,0,0.0
2014-01-27 16:10:00,33.554,0.004619994713947557,0,0.0
2014-01-27 16:15:00,33.3333,0.002271624890205057,0,0.0
2014-01-27 16:20:00,33.4447,0.013343629623769162,0,0.0
2014-01-27 16:25:00,33.4447,0.009030855582299213,0,0.0
2014-01-27 16:30:00,33.3333,0.021449713581046838,0,0.0
2014-01-27 16:35:00,33.556,0.018202838564692063,0,0.0
2014-01-27 16:40:00,33.3333,0.04302427227540962,0,0.0
2014-01-27 16:45:00,35.7143,0.06038968319051425,0,0.0
2014-01-27 16:50:00,35.9486,0.042444138698531364,0,0.0
2014-01-27 16:55:00,35.7143,0.03657515564320151,0,0.0
2014-01-27 17:00:00,35.9507,0.03782338899624167,0,0.0
2014-01-27 17:05:00,35.7143,0.02650408247996404,0,0.0
2014-01-27 17:10:00,35.9543,0.041541721878758174,0,0.0
2014-01-27 17:15:00,35.7143,0.06769519280830556,0,0.0
2014-01-27 17:20:00,39.3857,0.20774728024968653,0,0.0
2014-01-27 17:25:00,35.8336,0.01871287919341511,0,0.0
2014-01-27 17:30:00,31.0238,0.1412189654704707,0,0.0
2014-01-27 17:35:00,30.7692,0.09370884873678864,0,0.0
2014-01-27 17:40:00,33.3333,0.02204289800353473,0,0.0
2014-01-27 17:45:00,33.6133,0.001647864496142456,0,0.0
2014-01-27 17:50:00,33.3333,0.0012639001876476946,0,0.0
2014-01-27 17:55:00,33.554,0.00920928575980179,0,0.0
2014-01-27 18:00:00,33.4725,0.03125789352702408,0,0.0
2014-01-27 18:05:00,33.5587,0.014870239037136931,0,0.0
2014-01-27 18:10:00,33.3333,0.0007832592548037501,0,0.0
2014-01-27 18:15:00,33.446,0.007444198181663668,0,0.0
2014-01-27 18:20:00,33.4447,0.010867919527927856,0,0.0
2014-01-27 18:25:00,33.3333,0.02637149335271397,0,0.0
2014-01-27 18:30:00,33.5553,0.022105455680105968,0,0.0
2014-01-27 18:35:00,33.3333,0.047963207682491606,0,0.0
2014-01-27 18:40:00,33.4427,0.06444174115335605,0,0.0
2014-01-27 18:45:00,33.4447,0.04830666440990716,0,0.0
2014-01-27 18:50:00,33.4447,0.036298935314246765,0,0.0
2014-01-27 18:55:00,33.4427,0.02754431395254139,0,0.0
2014-01-27 19:00:00,38.0007,0.14494462044064585,0,0.0
2014-01-27 19:05:00,33.4447,0.07738458608785477,0,0.0
2014-01-27 19:10:00,33.446,0.016419634427081574,0,0.0
2014-01-27 19:15:00,35.7143,0.08827493091481832,0,0.0
2014-01-27 19:20:00,35.8336,0.05358844237925128,0,0.0
2014-01-27 19:25:00,35.835,0.07425636262676735,0,0.0
2014-01-27 19:30:00,35.7143,0.0948528556525334,0,0.0
2014-01-27 19:35:00,35.9507,0.093503303779437,0,0.0
2014-01-27 19:40:00,35.7143,0.05108489560666015,0,0.0
2014-01-27 19:45:00,35.9529,0.07449278891688775,0,0.0
2014-01-27 19:50:00,35.7143,0.05228084386099456,0,0.0
2014-01-27 19:55:00,30.7692,0.15418706540595,0,0.0
2014-01-27 20:00:00,31.0215,0.09316317614729616,0,0.0
2014-01-27 20:05:00,30.7692,0.0859247444835808,0,0.0
2014-01-27 20:10:00,33.4742,0.019324546054319332,0,0.0
2014-01-27 20:15:00,33.3333,0.005636670369314653,0,0.0
2014-01-27 20:20:00,33.554,0.011079278232075905,0,0.0
2014-01-27 20:25:00,33.3333,0.016997336740109868,0,0.0
2014-01-27 20:30:00,33.556,0.01202583208525677,0,0.0
2014-01-27 20:35:00,34.0,0.024497586585008425,0,0.0
2014-01-27 20:40:00,37.2153,0.12978799393796855,0,0.0
2014-01-27 20:45:00,33.4427,0.03925343643537138,0,0.0
2014-01-27 20:50:00,33.3333,0.037492391243560005,0,0.0
2014-01-27 20:55:00,33.6633,0.029552453310289373,0,0.0
2014-01-27 21:00:00,33.4427,0.058711427834178084,0,0.0
2014-01-27 21:05:00,35.835,0.050710225908456114,0,0.0
2014-01-27 21:10:00,35.9486,0.046435075676636,0,0.0
2014-01-27 21:15:00,35.835,0.04660408504584741,0,0.0
2014-01-27 21:20:00,35.8336,0.03482817912883051,0,0.0
2014-01-27 21:25:00,35.835,0.04723785285483212,0,0.0
2014-01-27 21:30:00,38.0771,0.1337307109099971,0,0.0
2014-01-27 21:35:00,38.2229,0.15571537627343068,0,0.0
2014-01-27 21:40:00,35.8336,0.04156091200931938,0,0.0
2014-01-27 21:45:00,35.7143,0.07375582471924852,0,0.0
2014-01-27 21:50:00,35.8336,0.07304257557873381,0,0.0
2014-01-27 21:55:00,33.4725,0.029130554566787308,0,0.0
2014-01-27 22:00:00,31.0238,0.0935454345290478,0,0.0
2014-01-27 22:05:00,30.7692,0.07770831767689708,0,0.0
2014-01-27 22:10:00,33.4725,0.018022790034823242,0,0.0
2014-01-27 22:15:00,34.8633,0.03753433698044081,0,0.0
2014-01-27 22:20:00,38.4343,0.16758541830871748,0,0.0
2014-01-27 22:25:00,33.4447,0.06945321488125332,0,0.0
2014-01-27 22:30:00,33.4427,0.035679606281461745,0,0.0
2014-01-27 22:35:00,33.446,0.020082633940188343,0,0.0
2014-01-27 22:40:00,33.3333,0.01309998434863168,0,0.0
2014-01-27 22:45:00,33.5573,0.006141770565891693,0,0.0
2014-01-27 22:50:00,33.3333,0.025068582720064358,0,0.0
2014-01-27 22:55:00,33.4447,0.03817278043823377,0,0.0
2014-01-27 23:00:00,35.8336,0.03586012661594805,0,0.0
2014-01-27 23:05:00,35.835,0.02697680197632172,0,0.0
2014-01-27 23:10:00,35.7143,0.002438433834182941,0,0.0
2014-01-27 23:15:00,35.8314,0.03159410342075035,0,0.0
2014-01-27 23:20:00,35.8336,0.04252358176956969,0,0.0
2014-01-27 23:25:00,35.8336,0.05034056181146638,0,0.0
2014-01-27 23:30:00,35.7143,0.034689269511048816,0,0.0
2014-01-27 23:35:00,35.8336,0.044213072375335914,0,0.0
2014-01-27 23:40:00,30.7692,0.17335515394258014,0,0.0
2014-01-27 23:45:00,30.8977,0.08219930654776507,0,0.0
2014-01-27 23:50:00,33.4742,0.033475488623463084,0,0.0
2014-01-27 23:55:00,37.326,0.1653183518516205,0,0.0
2014-01-28 00:00:00,33.556,0.045120067119649575,0,0.0
2014-01-28 00:05:00,33.4447,0.009772389817559282,0,0.0
2014-01-28 00:10:00,33.4447,0.01389790391698963,0,0.0
2014-01-28 00:15:00,33.3333,0.0556904231931325,0,0.0
2014-01-28 00:20:00,33.4427,0.0066341907003704,0,0.0
2014-01-28 00:25:00,33.4447,0.005493123009893059,0,0.0
2014-01-28 00:30:00,33.4427,0.00028897161816071924,0,0.0
2014-01-28 00:35:00,33.4447,0.02309405444951976,0,0.0
2014-01-28 00:40:00,33.4447,0.018720597256546328,0,0.0
2014-01-28 00:45:00,33.3333,0.04079966928770608,0,0.0
2014-01-28 00:50:00,33.446,0.034706842324004915,0,0.0
2014-01-28 00:55:00,35.3427,0.03870855676573637,0,0.0
2014-01-28 01:00:00,35.9543,0.06568254861764825,0,0.0
2014-01-28 01:05:00,35.7143,0.034533850156396484,0,0.0
2014-01-28 01:10:00,35.835,0.03679916662733774,0,0.0
2014-01-28 01:15:00,35.8336,0.02436231357104132,0,0.0
2014-01-28 01:20:00,35.7143,0.05858701613119529,0,0.0
2014-01-28 01:25:00,35.9529,0.07584412833081865,0,0.0
2014-01-28 01:30:00,35.7143,0.06013734820388876,0,0.0
2014-01-28 01:35:00,35.8314,0.05409359422392291,0,0.0
2014-01-28 01:40:00,35.8314,0.07411904168615513,0,0.0
2014-01-28 01:45:00,30.7692,0.14175139525611627,0,0.0
2014-01-28 01:50:00,33.47,0.01445162888752637,0,0.0
2014-01-28 01:55:00,33.4725,0.012961431063321174,0,0.0
2014-01-28 02:00:00,36.332,0.09023096693512614,0,0.0
2014-01-28 02:05:00,35.2167,0.049713363943952656,0,0.0
2014-01-28 02:10:00,33.3333,0.02594689715432893,0,0.0
2014-01-28 02:15:00,33.4447,0.010824806126809958,0,0.0
2014-01-28 02:20:00,33.4447,0.020426443290057574,0,0.0
2014-01-28 02:25:00,33.4427,0.003491767854422159,0,0.0
2014-01-28 02:30:00,33.4427,0.003592497779951787,0,0.0
2014-01-28 02:35:00,33.3333,0.01855544476470154,0,0.0
2014-01-28 02:40:00,33.4427,0.04225039729560252,0,0.0
2014-01-28 02:45:00,33.4447,0.03246808942017973,0,0.0
2014-01-28 02:50:00,33.4447,0.044682315605235744,0,0.0
2014-01-28 02:55:00,33.446,0.0426418250925523,0,0.0
2014-01-28 03:00:00,35.8336,0.05567801964775728,0,0.0
2014-01-28 03:05:00,35.8336,0.045838078683369095,0,0.0
2014-01-28 03:10:00,37.7386,0.12238780274171662,0,0.0
2014-01-28 03:15:00,35.8336,0.02313721840701366,0,0.0
2014-01-28 03:20:00,37.5914,0.098911768372034,0,0.0
2014-01-28 03:25:00,35.8314,0.04435003640991365,0,0.0
2014-01-28 03:30:00,35.7143,0.041494787409535085,0,0.0
2014-01-28 03:35:00,35.835,0.07007204582520986,0,0.0
2014-01-28 03:40:00,30.7692,0.16342266612127496,0,0.0
2014-01-28 03:45:00,30.8977,0.09427872912787452,0,0.0
2014-01-28 03:50:00,33.4725,0.029929262990124536,0,0.0
2014-01-28 03:55:00,33.3333,0.023171605450014524,0,0.0
2014-01-28 04:00:00,33.5553,0.016978948011553887,0,0.0
2014-01-28 04:05:00,33.446,0.00757124804555277,0,0.0
2014-01-28 04:10:00,33.4427,0.01702142525424124,0,0.0
2014-01-28 04:15:00,35.3333,0.08062298475917723,0,0.0
2014-01-28 04:20:00,35.9893,0.10149248752414147,0,0.0
2014-01-28 04:25:00,33.4427,0.02343454947938992,0,0.0
2014-01-28 04:30:00,33.4447,0.015338804683778774,0,0.0
2014-01-28 04:35:00,33.4447,0.0183779429862988,0,0.0
2014-01-28 04:40:00,33.4427,0.04070849040477311,0,0.0
2014-01-28 04:45:00,33.4447,0.02963532378995541,0,0.0
2014-01-28 04:50:00,35.8336,0.05386482963582426,0,0.0
2014-01-28 04:55:00,35.835,0.02473087943712791,0,0.0
2014-01-28 05:00:00,35.9543,0.024034062649837127,0,0.0
2014-01-28 05:05:00,35.7143,0.028207610927694436,0,0.0
2014-01-28 05:10:00,35.8314,0.0294310733166101,0,0.0
2014-01-28 05:15:00,35.8314,0.028417364466851287,0,0.0
2014-01-28 05:20:00,35.7143,0.06811076204082947,0,0.0
2014-01-28 05:25:00,35.8314,0.07785868883371203,0,0.0
2014-01-28 05:30:00,30.7692,0.1534873638851572,0,0.0
2014-01-28 05:35:00,31.0262,0.07559424892798933,0,0.0
2014-01-28 05:40:00,30.7692,0.08369531812343069,0,0.0
2014-01-28 05:45:00,30.8977,0.06902079948924289,0,0.0
2014-01-28 05:50:00,30.8977,0.0680854096386329,0,0.0
2014-01-28 05:55:00,33.3333,0.011181091216827857,0,0.0
2014-01-28 06:00:00,33.6108,0.021136268954090046,0,0.0
2014-01-28 06:05:00,33.4427,0.024853960065463646,0,0.0
2014-01-28 06:10:00,33.4447,0.007708804123901545,0,0.0
2014-01-28 06:15:00,34.7613,0.03652542619545445,0,0.0
2014-01-28 06:20:00,35.1227,0.04236433225541713,0,0.0
2014-01-28 06:25:00,33.3333,0.03789929820592584,0,0.0
2014-01-28 06:30:00,33.5573,0.005997737290184012,0,0.0
2014-01-28 06:35:00,33.3333,0.039522578855450005,0,0.0
2014-01-28 06:40:00,35.835,0.056993620679363234,0,0.0
2014-01-28 06:45:00,35.8336,0.02826692299967125,0,0.0
2014-01-28 06:50:00,35.7143,0.03229653864404978,0,0.0
2014-01-28 06:55:00,35.9529,0.03251602777860524,0,0.0
2014-01-28 07:00:00,35.8336,0.02997755959152725,0,0.0
2014-01-28 07:05:00,35.8336,0.044580488030798,0,0.0
2014-01-28 07:10:00,35.8336,0.08116604533266347,0,0.0
2014-01-28 07:15:00,30.8992,0.1339471410481584,0,0.0
2014-01-28 07:20:00,30.7692,0.08671373626216691,0,0.0
2014-01-28 07:25:00,33.6067,0.06284760940302335,0,0.0
2014-01-28 07:30:00,33.3333,0.013909836952308928,0,0.0
2014-01-28 07:35:00,33.4742,0.03028472213271765,0,0.0
2014-01-28 07:40:00,33.3333,0.014525653439917841,0,0.0
2014-01-28 07:45:00,33.3333,0.0049536166342344255,0,0.0
2014-01-28 07:50:00,37.4447,0.15407095784348845,0,0.0
2014-01-28 07:55:00,34.0,0.021747742037720303,0,0.0
2014-01-28 08:00:00,33.5553,0.026338755463538453,0,0.0
2014-01-28 08:05:00,33.4447,0.01695878302172664,0,0.0
2014-01-28 08:10:00,33.4447,0.037842813260654834,0,0.0
2014-01-28 08:15:00,33.4447,0.022200624502866303,0,0.0
2014-01-28 08:20:00,33.3333,0.03479050557282128,0,0.0
2014-01-28 08:25:00,33.552,0.03248521344654254,0,0.0
2014-01-28 08:30:00,35.8314,0.05239904136252608,0,0.0
2014-01-28 08:35:00,35.8336,0.051349657229876035,0,0.0
2014-01-28 08:40:00,35.8336,0.0432438181460479,0,0.0
2014-01-28 08:45:00,35.7143,0.03356285282201743,0,0.0
2014-01-28 08:50:00,35.9521,0.034641613681693134,0,0.0
2014-01-28 08:55:00,30.7692,0.14633795118010215,0,0.0
2014-01-28 09:00:00,31.0277,0.07210211748074849,0,0.0
2014-01-28 09:05:00,30.8954,0.08214695456250852,0,0.0
2014-01-28 09:10:00,33.4725,0.01608181571002765,0,0.0
2014-01-28 09:15:00,33.3333,0.007170384583073943,0,0.0
2014-01-28 09:20:00,33.446,0.009335386683647293,0,0.0
2014-01-28 09:25:00,33.3333,0.0068377445772647505,0,0.0
2014-01-28 09:30:00,33.4447,0.048908135652723915,0,0.0
2014-01-28 09:35:00,33.4447,0.0030913762941214,0,0.0
2014-01-28 09:40:00,33.4447,0.0038267897773771107,0,0.0
2014-01-28 09:45:00,33.4427,0.0036584556519619225,0,0.0
2014-01-28 09:50:00,33.3333,0.028708166662030837,0,0.0
2014-01-28 09:55:00,38.004,0.16932437322401933,0,0.0
2014-01-28 10:00:00,35.9557,0.03210810865803161,0,0.0
2014-01-28 10:05:00,35.7143,0.04334515818645987,0,0.0
2014-01-28 10:10:00,35.9507,0.05449983700648007,0,0.0
2014-01-28 10:15:00,35.7143,0.04265113761977511,0,0.0
2014-01-28 10:20:00,35.9529,0.05802081905543066,0,0.0
2014-01-28 10:25:00,35.7143,0.050765987315491146,0,0.0
2014-01-28 10:30:00,35.7143,0.03624851959372559,0,0.0
2014-01-28 10:35:00,31.0254,0.16066134630100432,0,0.0
2014-01-28 10:40:00,30.7692,0.105234231794929,0,0.0
2014-01-28 10:45:00,33.4725,0.031359240464600466,0,0.0
2014-01-28 10:50:00,33.4447,0.0063762777940618845,0,0.0
2014-01-28 10:55:00,33.446,0.017427761355739053,0,0.0
2014-01-28 11:00:00,35.0007,0.10126148191484373,0,0.0
2014-01-28 11:05:00,34.8893,0.04625305951268363,0,0.0
2014-01-28 11:10:00,33.4427,0.030666631418246694,0,0.0
2014-01-28 11:15:00,33.4447,0.011292126283310005,0,0.0
2014-01-28 11:20:00,33.446,0.007943744242601435,0,0.0
2014-01-28 11:25:00,33.3333,0.022004232758140986,0,0.0
2014-01-28 11:30:00,33.4447,0.0095156979274847,0,0.0
2014-01-28 11:35:00,35.8314,0.06310419501606121,0,0.0
2014-01-28 11:40:00,36.0714,0.04059098609707654,0,0.0
2014-01-28 11:45:00,36.5493,0.047122857727223966,0,0.0
2014-01-28 11:50:00,38.4457,0.1245150702353676,0,0.0
2014-01-28 11:55:00,39.1786,0.1474883870186701,0,0.0
2014-01-28 12:00:00,42.1307,0.25309916989378045,0,0.0
2014-01-28 12:05:00,35.7143,0.036722528582813836,0,0.0
2014-01-28 12:10:00,35.9543,0.04620045281123872,0,0.0
2014-01-28 12:15:00,30.7692,0.14523547625411073,0,0.0
2014-01-28 12:20:00,30.8954,0.09700853177919842,0,0.0
2014-01-28 12:25:00,33.3333,0.02299060412247329,0,0.0
2014-01-28 12:30:00,33.3333,0.00314297203731188,0,0.0
2014-01-28 12:35:00,33.554,0.007939869945268777,0,0.0
2014-01-28 12:40:00,33.3333,0.01796750659688426,0,0.0
2014-01-28 12:45:00,33.4447,0.0008827776793027912,0,0.0
2014-01-28 12:50:00,33.4447,0.016322675222355646,0,0.0
2014-01-28 12:55:00,33.4427,0.006681250792079567,0,0.0
2014-01-28 13:00:00,33.4447,0.002075629708288634,0,0.0
2014-01-28 13:05:00,33.446,0.00047315289890473847,0,0.0
2014-01-28 13:10:00,33.4427,0.02133268687133944,0,0.0
2014-01-28 13:15:00,33.4427,0.035861910456288414,0,0.0
2014-01-28 13:20:00,33.446,0.051024648821002036,0,0.0
2014-01-28 13:25:00,33.3333,0.05187022519388945,0,0.0
2014-01-28 13:30:00,35.8314,0.037781989559777365,0,0.0
2014-01-28 13:35:00,35.835,0.018741149303395883,0,0.0
2014-01-28 13:40:00,35.835,0.012899283480122944,0,0.0
2014-01-28 13:45:00,37.1507,0.07349165563404139,0,0.0
2014-01-28 13:50:00,37.0143,0.03865022607995615,0,0.0
2014-01-28 13:55:00,37.985,0.10851874608300736,0,0.0
2014-01-28 14:00:00,39.0207,0.16838713988574064,0,0.0
2014-01-28 14:05:00,41.7907,0.2670232880487595,0,0.0
2014-01-28 14:10:00,37.9671,0.10554921335116198,0,0.0
2014-01-28 14:15:00,36.1964,0.07353625177430842,0,0.0
2014-01-28 14:20:00,35.8336,0.08864899471712283,0,0.0
2014-01-28 14:25:00,35.7143,0.05785447831337555,0,0.0
2014-01-28 14:30:00,35.9543,0.06718692500370313,0,0.0
2014-01-28 14:35:00,35.7143,0.05680144632145456,0,0.0
2014-01-28 14:40:00,35.835,0.058090888595451584,0,0.0
2014-01-28 14:45:00,30.8977,0.16211832647868898,0,0.0
2014-01-28 14:50:00,30.8954,0.08829933416633695,0,0.0
2014-01-28 14:55:00,33.3333,0.029458735273644367,0,0.0
2014-01-28 15:00:00,33.6108,0.010416265358109827,0,0.0
2014-01-28 15:05:00,33.4447,0.0017728788262280012,0,0.0
2014-01-28 15:10:00,33.4427,0.007788630180921033,0,0.0
2014-01-28 15:15:00,33.3333,0.03747483086951255,0,0.0
2014-01-28 15:20:00,33.446,0.04521054486083432,0,0.0
2014-01-28 15:25:00,33.4447,0.04398109265528745,0,0.0
2014-01-28 15:30:00,33.3333,0.04586331699884162,0,0.0
2014-01-28 15:35:00,33.5573,0.054496736743298135,0,0.0
2014-01-28 15:40:00,33.3333,0.0776585133620042,0,0.0
2014-01-28 15:45:00,33.5553,0.07788399690415508,0,0.0
2014-01-28 15:50:00,33.3333,0.07808541505192174,0,0.0
2014-01-28 15:55:00,33.3333,0.07616565222753216,0,0.0
2014-01-28 16:00:00,33.554,0.0651672279031314,0,0.0
2014-01-28 16:05:00,34.554,0.003184838702679157,0,0.0
2014-01-28 16:10:00,36.78,0.08951500708628209,0,0.0
2014-01-28 16:15:00,35.8336,0.038556611294557806,0,0.0
2014-01-28 16:20:00,35.8336,0.052068358297054584,0,0.0
2014-01-28 16:25:00,35.8314,0.07595636647800254,0,0.0
2014-01-28 16:30:00,35.7143,0.05631994000904968,0,0.0
2014-01-28 16:35:00,35.8314,0.058929851777230875,0,0.0
2014-01-28 16:40:00,35.7143,0.07302552154412728,0,0.0
2014-01-28 16:45:00,35.8336,0.07576707650404482,0,0.0
2014-01-28 16:50:00,35.8314,0.07193962676740819,0,0.0
2014-01-28 16:55:00,35.7143,0.06210449381548104,0,0.0
2014-01-28 17:00:00,35.9486,0.059211542404785,0,0.0
2014-01-28 17:05:00,35.8314,0.050191137048741404,0,0.0
2014-01-28 17:10:00,30.8992,0.1490075971137171,0,0.0
2014-01-28 17:15:00,30.7692,0.08575619731680288,0,0.0
2014-01-28 17:20:00,33.6092,0.04466887572319755,0,0.0
2014-01-28 17:25:00,33.3333,0.014568991895343615,0,0.0
2014-01-28 17:30:00,33.5573,0.0012699400455435115,0,0.0
2014-01-28 17:35:00,33.3333,0.007581175428654345,0,0.0
2014-01-28 17:40:00,33.3333,0.027839677376692053,0,0.0
2014-01-28 17:45:00,33.5553,0.018947334967124068,0,0.0
2014-01-28 17:50:00,33.3333,0.016704069855192853,0,0.0
2014-01-28 17:55:00,33.4447,0.009087623094420042,0,0.0
2014-01-28 18:00:00,33.446,0.028605421010522526,0,0.0
2014-01-28 18:05:00,33.5553,0.037455287320328094,0,0.0
2014-01-28 18:10:00,33.8887,0.02792815609509082,0,0.0
2014-01-28 18:15:00,37.33,0.10443487380441754,0,0.0
2014-01-28 18:20:00,35.9507,0.006765152675330028,1,0.862069035706522
2014-01-28 18:25:00,35.7143,0.017302691854376724,1,0.0
2014-01-28 18:30:00,35.9543,0.05364351993642754,1,0.0
2014-01-28 18:35:00,37.9764,0.1248598526175208,1,0.0
2014-01-28 18:40:00,38.0957,0.10424086478152504,1,0.0
2014-01-28 18:45:00,35.8314,0.011586371624003331,1,0.0
2014-01-28 18:50:00,35.8314,0.06274118451714801,1,0.0
2014-01-28 18:55:00,35.8314,0.045770708670463914,1,0.0
2014-01-28 19:00:00,30.8977,0.16156784387244327,1,0.0
2014-01-28 19:05:00,30.8954,0.072856347989269,1,0.0
2014-01-28 19:10:00,33.47,0.05029249333139979,1,0.0
2014-01-28 19:15:00,33.4725,0.003211162183823483,1,0.0
2014-01-28 19:20:00,33.3333,0.005984275229815337,1,0.0
2014-01-28 19:25:00,33.446,0.0024893549541288736,1,0.0
2014-01-28 19:30:00,33.446,0.01897779326723661,1,0.0
2014-01-28 19:35:00,33.4447,0.021710095273615764,1,0.0
2014-01-28 19:40:00,33.4447,0.015525973201161085,1,0.0
2014-01-28 19:45:00,33.3333,0.003730137318251501,1,0.0
2014-01-28 19:50:00,33.5573,0.003198106310273765,1,0.0
2014-01-28 19:55:00,33.446,0.04091408415648913,1,0.0
2014-01-28 20:00:00,33.554,0.02859028160148616,1,0.0
2014-01-28 20:05:00,33.3333,0.04672845798909017,1,0.0
2014-01-28 20:10:00,33.5587,0.04993787829731567,1,0.0
2014-01-28 20:15:00,33.5553,0.05636413642007389,1,0.0
2014-01-28 20:20:00,40.5943,0.2473866737102291,1,0.0
2014-01-28 20:25:00,35.9521,0.01669806143747398,1,0.0
2014-01-28 20:30:00,35.7143,0.008768440795765286,1,0.0
2014-01-28 20:35:00,35.9507,0.04168063151810325,1,0.0
2014-01-28 20:40:00,35.7143,0.02904460787327762,1,0.0
2014-01-28 20:45:00,35.835,0.060523894329934026,1,0.0
2014-01-28 20:50:00,35.8336,0.07463379174123214,1,0.0
2014-01-28 20:55:00,35.8314,0.08180954724589072,1,0.0
2014-01-28 21:00:00,30.8977,0.15835523108127525,1,0.0
2014-01-28 21:05:00,35.835,0.14082551225663098,1,0.0
2014-01-28 21:10:00,30.7692,0.1387374722376943,1,0.0
2014-01-28 21:15:00,30.8977,0.09062263275045533,1,0.0
2014-01-28 21:20:00,33.4742,0.03367073658453017,1,0.0
2014-01-28 21:25:00,33.3333,0.0046362350905462596,1,0.0
2014-01-28 21:30:00,33.4427,0.0015840816498617154,1,0.0
2014-01-28 21:35:00,33.4427,0.0032345449063725835,1,0.0
2014-01-28 21:40:00,33.4447,0.011819353195190695,1,0.0
2014-01-28 21:45:00,33.4427,0.02250316436121185,1,0.0
2014-01-28 21:50:00,33.3333,0.0011133869281807335,1,0.0
2014-01-28 21:55:00,33.446,0.005008757002561763,1,0.0
2014-01-28 22:00:00,34.001999999999995,0.022481855305087336,1,0.0
2014-01-28 22:05:00,33.8873,0.025351347249840048,1,0.0
2014-01-28 22:10:00,33.6687,0.03533141729376413,1,0.0
2014-01-28 22:15:00,33.4447,0.06550200929812322,1,0.0
2014-01-28 22:20:00,33.8887,0.02717145352358025,1,0.0
2014-01-28 22:25:00,39.9893,0.2024777740470458,1,0.0
2014-01-28 22:30:00,36.0679,0.0049348752360077975,1,0.0
2014-01-28 22:35:00,36.675,0.06909197324281152,1,0.0
2014-01-28 22:40:00,35.8336,0.06321908484631762,1,0.0
2014-01-28 22:45:00,35.8336,0.01597986052509858,1,0.0
2014-01-28 22:50:00,35.8336,0.07137805439313287,1,0.0
2014-01-28 22:55:00,35.8336,0.08803440424115626,1,0.0
2014-01-28 23:00:00,35.8336,0.06422670111641675,1,0.0
2014-01-28 23:05:00,35.7143,0.0623692547841976,1,0.0
2014-01-28 23:10:00,35.835,0.06968395346402666,1,0.0
2014-01-28 23:15:00,35.8336,0.06719108107933121,1,0.0
2014-01-28 23:20:00,30.7692,0.1425043014406384,1,0.0
2014-01-28 23:25:00,33.4742,0.018882984102394286,1,0.0
2014-01-28 23:30:00,33.47,0.006220701251430303,1,0.0
2014-01-28 23:35:00,33.4447,0.007289789455836464,1,0.0
2014-01-28 23:40:00,33.4447,0.008262979946530333,1,0.0
2014-01-28 23:45:00,33.4427,0.02031853938640365,1,0.0
2014-01-28 23:50:00,33.3333,0.02269822164016209,1,0.0
2014-01-28 23:55:00,33.4447,0.017404646527546627,1,0.0
2014-01-29 00:00:00,33.5573,0.009603512311397598,1,0.0
2014-01-29 00:05:00,33.446,0.04787475292685575,1,0.0
2014-01-29 00:10:00,33.3333,0.02349286425731657,1,0.0
2014-01-29 00:15:00,33.556,0.0353622715349435,1,0.0
2014-01-29 00:20:00,33.3333,0.05143957687163511,1,0.0
2014-01-29 00:25:00,37.1229,0.1014792191702435,1,0.0
2014-01-29 00:30:00,39.3043,0.13588126614079332,1,0.0
2014-01-29 00:35:00,39.6579,0.13836482017713167,1,0.0
2014-01-29 00:40:00,32.6018,0.14359913146721506,1,0.0
2014-01-29 00:45:00,1.334,1.0,1,0.0
2014-01-29 00:50:00,0.996,0.6319339003348449,1,0.0
2014-01-29 00:55:00,1.006,0.5203851181898744,1,0.0
2014-01-29 01:00:00,0.6659999999999999,0.4546034944579615,1,0.0
2014-01-29 01:05:00,0.0,0.3737953285299527,1,0.0
2014-01-29 01:10:00,0.33399999999999996,0.3115932847802177,1,0.0
2014-01-29 01:15:00,0.0,0.288969042053598,1,0.0
2014-01-29 01:20:00,0.33399999999999996,0.1917673303200611,1,0.0
2014-01-29 01:25:00,0.0,0.08325284560012132,1,0.0
2014-01-29 01:30:00,0.0,0.10159874585190563,1,0.0
2014-01-29 01:35:00,0.32799999999999996,0.08245408424278396,1,0.0
2014-01-29 01:40:00,0.0,0.1096288110911438,1,0.0
2014-01-29 01:45:00,0.33399999999999996,0.07568713268752271,1,0.0
2014-01-29 01:50:00,0.0,0.11357184487020296,1,0.0
2014-01-29 01:55:00,0.0,0.08961930908480639,1,0.0
2014-01-29 02:00:00,0.32799999999999996,0.04451532738178863,1,0.0
2014-01-29 02:05:00,0.33799999999999997,0.0040723873328392226,1,0.0
2014-01-29 02:10:00,0.0,0.007887305100678817,1,0.0
2014-01-29 02:15:00,0.32799999999999996,0.011514319427629944,1,0.0
2014-01-29 02:20:00,0.0,0.008203477507624351,1,0.0
2014-01-29 02:25:00,0.0,0.09309948524310076,1,0.0
2014-01-29 02:30:00,10.008,0.273217636240854,1,0.0
2014-01-29 02:35:00,3.9619999999999997,0.031853039634838334,1,0.0
2014-01-29 02:40:00,0.0,0.021934249419922086,1,0.0
2014-01-29 02:45:00,0.0,0.05865858971447228,1,0.0
2014-01-29 02:50:00,0.32799999999999996,0.05907406143135961,1,0.0
2014-01-29 02:55:00,0.0,0.020836418144828082,1,0.0
2014-01-29 03:00:00,0.33399999999999996,0.05175499205774387,1,0.0
2014-01-29 03:05:00,0.0,0.10881461201423802,1,0.0
2014-01-29 03:10:00,0.33399999999999996,0.10658376329611736,1,0.0
2014-01-29 03:15:00,0.0,0.07373131681070258,1,0.0
2014-01-29 03:20:00,0.33799999999999997,0.04294570126513797,1,0.0
2014-01-29 03:25:00,0.0,0.045942570498542105,1,0.0
2014-01-29 03:30:00,0.33399999999999996,0.035984857376028974,1,0.0
2014-01-29 03:35:00,5.084,0.10507016861787916,1,0.0
2014-01-29 03:40:00,0.33399999999999996,0.11342058406589732,1,0.0
2014-01-29 03:45:00,0.0,0.06206842016919616,1,0.0
2014-01-29 03:50:00,0.33399999999999996,0.049748732333120924,1,0.0
2014-01-29 03:55:00,0.0,0.05550598544057296,1,0.0
2014-01-29 04:00:00,0.32799999999999996,0.018435394491437284,1,0.0
2014-01-29 04:05:00,0.0,0.01905738584859796,1,0.0
2014-01-29 04:10:00,0.33799999999999997,0.04835431432268959,1,0.0
2014-01-29 04:15:00,0.6559999999999999,0.012712908434793552,1,0.0
2014-01-29 04:20:00,3.034,0.060177574216858425,1,0.0
2014-01-29 04:25:00,0.0,0.09146105203794223,1,0.0
2014-01-29 04:30:00,14.014000000000001,0.3712694753813428,1,0.0
2014-01-29 04:35:00,0.0,0.2643336257316216,1,0.0
2014-01-29 04:40:00,0.0,0.07522032520148382,1,0.0
2014-01-29 04:45:00,0.33799999999999997,0.0002560952997207849,1,0.0
2014-01-29 04:50:00,0.0,0.053039234226958734,1,0.0
2014-01-29 04:55:00,0.33799999999999997,0.030444139699708224,1,0.0
2014-01-29 05:00:00,0.0,0.027185639950181542,1,0.0
2014-01-29 05:05:00,0.33399999999999996,0.014429109271808368,1,0.0
2014-01-29 05:10:00,0.0,0.0665595234340747,1,0.0
2014-01-29 05:15:00,0.33399999999999996,0.008439190960889615,1,0.0
2014-01-29 05:20:00,0.0,0.012102187516092405,1,0.0
2014-01-29 05:25:00,0.0,0.006395838968905724,1,0.0
2014-01-29 05:30:00,0.32799999999999996,0.01940691615962064,1,0.0
2014-01-29 05:35:00,0.0,0.0060679557726096645,1,0.0
2014-01-29 05:40:00,0.32799999999999996,0.01105603868430236,1,0.0
2014-01-29 05:45:00,0.0,0.006920798083570333,1,0.0
2014-01-29 05:50:00,0.0,0.03214520461949046,1,0.0
2014-01-29 05:55:00,0.6659999999999999,0.01810806861997253,1,0.0
2014-01-29 06:00:00,0.33399999999999996,0.01992422799323559,1,0.0
2014-01-29 06:05:00,0.0,0.0036667304398779374,1,0.0
2014-01-29 06:10:00,0.0,0.0570688451269066,1,0.0
2014-01-29 06:15:00,0.32799999999999996,0.02040009782285717,1,0.0
2014-01-29 06:20:00,0.0,0.02503899247126889,1,0.0
2014-01-29 06:25:00,2.63,0.04125187598663617,1,0.0
2014-01-29 06:30:00,11.03,0.27922440544306504,1,0.0
2014-01-29 06:35:00,0.32799999999999996,0.19293725330759987,1,0.0
2014-01-29 06:40:00,0.0,0.03855311356354516,1,0.0
2014-01-29 06:45:00,0.33399999999999996,0.0026496421402390736,1,0.0
2014-01-29 06:50:00,0.0,0.03294968074085839,1,0.0
2014-01-29 06:55:00,0.0,0.02751259927344904,1,0.0
2014-01-29 07:00:00,0.33799999999999997,0.005696301780262728,1,0.0
2014-01-29 07:05:00,0.33399999999999996,0.02072057590843001,1,0.0
2014-01-29 07:10:00,0.0,0.0525085003838054,1,0.0
2014-01-29 07:15:00,0.0,0.0027113804533987745,0,0.0
2014-01-29 07:20:00,0.33399999999999996,0.00029440166252660233,0,0.0
2014-01-29 07:25:00,0.0,0.007779145796974494,0,0.0
2014-01-29 07:30:00,0.33799999999999997,0.0006684085982663228,0,0.0
2014-01-29 07:35:00,0.0,0.003435695941946499,0,0.0
2014-01-29 07:40:00,0.33399999999999996,0.0013479941460327902,0,0.0
2014-01-29 07:45:00,0.0,0.01884209830037076,0,0.0
2014-01-29 07:50:00,0.0,0.02971289847504091,0,0.0
2014-01-29 07:55:00,0.33399999999999996,0.0018888014359866878,0,0.0
2014-01-29 08:00:00,0.0,0.010330515128859321,0,0.0
2014-01-29 08:05:00,0.33399999999999996,0.002383251971731381,0,0.0
2014-01-29 08:10:00,0.0,0.03932613565132245,0,0.0
2014-01-29 08:15:00,0.33399999999999996,0.02181599269273916,0,0.0
2014-01-29 08:20:00,0.0,0.023703753214868804,0,0.0
2014-01-29 08:25:00,12.014000000000001,0.33008741958957594,0,0.0
2014-01-29 08:30:00,1.64,0.15704834206083046,0,0.0
2014-01-29 08:35:00,0.0,0.08611346487573332,0,0.0
2014-01-29 08:40:00,0.4225,0.0058285374583181785,0,0.0
2014-01-29 08:45:00,0.0,0.034395499241504236,0,0.0
2014-01-29 08:50:00,0.32799999999999996,0.003329790058778208,0,0.0
2014-01-29 08:55:00,0.0,0.014791710903532887,0,0.0
2014-01-29 09:00:00,0.33399999999999996,0.00838127541457154,0,0.0
2014-01-29 09:05:00,0.0,0.0530709153018107,0,0.0
2014-01-29 09:10:00,0.33399999999999996,0.004114801162443005,0,0.0
2014-01-29 09:15:00,0.0,0.01237546320578907,0,0.0
2014-01-29 09:20:00,0.33799999999999997,0.008533704500368795,0,0.0
2014-01-29 09:25:00,0.0,0.017042134344716704,0,0.0
2014-01-29 09:30:00,0.0,0.003351777696784181,0,0.0
2014-01-29 09:35:00,0.33399999999999996,0.005789273107224914,0,0.0
2014-01-29 09:40:00,0.0,0.010933699748229277,0,0.0
2014-01-29 09:45:00,0.33799999999999997,0.02037269283484577,0,0.0
2014-01-29 09:50:00,0.0,0.013139023756125605,0,0.0
2014-01-29 09:55:00,0.32799999999999996,0.002895737108640557,0,0.0
2014-01-29 10:00:00,0.0,0.003501567085255455,0,0.0
2014-01-29 10:05:00,0.32799999999999996,0.031614312006028815,0,0.0
2014-01-29 10:10:00,0.0,0.006337203294379229,0,0.0
2014-01-29 10:15:00,0.33799999999999997,0.0019398224526433266,0,0.0
2014-01-29 10:20:00,2.0340000000000003,0.0214175083880416,0,0.0
2014-01-29 10:25:00,11.652000000000001,0.3004180825055918,0,0.0
2014-01-29 10:30:00,0.0,0.1999619751885106,0,0.0
2014-01-29 10:35:00,0.32799999999999996,0.03202477391986377,0,0.0
2014-01-29 10:40:00,0.0,0.011099132302387052,0,0.0
2014-01-29 10:45:00,0.32799999999999996,0.017555888460094947,0,0.0
2014-01-29 10:50:00,0.0,0.02306814252508554,0,0.0
2014-01-29 10:55:00,0.0,0.005232347532023136,0,0.0
2014-01-29 11:00:00,0.33399999999999996,0.010324007503917376,0,0.0
2014-01-29 11:05:00,0.33399999999999996,0.039438697118601984,0,0.0
2014-01-29 11:10:00,0.0,0.003759518922549681,0,0.0
2014-01-29 11:15:00,0.0,0.010464841942170644,0,0.0
2014-01-29 11:20:00,0.33799999999999997,0.012591314379555818,0,0.0
2014-01-29 11:25:00,0.0,0.01717894639666411,0,0.0
2014-01-29 11:30:00,0.32799999999999996,0.017840407691101925,0,0.0
2014-01-29 11:35:00,0.0,0.010338391692085152,0,0.0
2014-01-29 11:40:00,0.33399999999999996,0.0010410877158198587,0,0.0
2014-01-29 11:45:00,0.0,0.03431956880435889,0,0.0
2014-01-29 11:50:00,0.0,0.005225901681343449,0,0.0
2014-01-29 11:55:00,0.33399999999999996,0.006528585864901506,0,0.0
2014-01-29 12:00:00,0.33799999999999997,0.0017378925422309164,0,0.0
2014-01-29 12:05:00,0.0,0.04165579993812872,0,0.0
2014-01-29 12:10:00,0.0,0.014169346773946313,0,0.0
2014-01-29 12:15:00,0.33399999999999996,0.003956302976543512,0,0.0
2014-01-29 12:20:00,10.39,0.2739212206445905,0,0.0
2014-01-29 12:25:00,3.3339999999999996,0.07913627293698043,0,0.0
2014-01-29 12:30:00,0.33399999999999996,0.0876867159663753,0,0.0
2014-01-29 12:35:00,0.0,0.0157272027217612,0,0.0
2014-01-29 12:40:00,0.0,0.026525023493191108,0,0.0
2014-01-29 12:45:00,0.33399999999999996,0.002971590794561086,0,0.0
2014-01-29 12:50:00,0.0,0.014704265817951638,0,0.0
2014-01-29 12:55:00,0.33399999999999996,0.002326310059979653,0,0.0
2014-01-29 13:00:00,0.0,0.04911133748326249,0,0.0
2014-01-29 13:05:00,0.4175,0.0022148062355909237,0,0.0
2014-01-29 13:10:00,0.0,0.012784586903573385,0,0.0
2014-01-29 13:15:00,0.33399999999999996,0.009804008500344944,0,0.0
2014-01-29 13:20:00,0.0,0.013870028533574129,0,0.0
2014-01-29 13:25:00,0.0,0.0016990712371712903,0,0.0
2014-01-29 13:30:00,0.33799999999999997,0.010736565263669562,0,0.0
2014-01-29 13:35:00,0.0,0.011919075991128692,0,0.0
2014-01-29 13:40:00,0.33399999999999996,0.014561838273677729,0,0.0
2014-01-29 13:45:00,0.0,0.01614859654499852,0,0.0
2014-01-29 13:50:00,0.0,0.005427955731240272,0,0.0
2014-01-29 13:55:00,0.32799999999999996,0.01028492998370915,0,0.0
2014-01-29 14:00:00,0.33399999999999996,0.025757413549551945,0,0.0
2014-01-29 14:05:00,0.0,0.00150733275496611,0,0.0
2014-01-29 14:10:00,0.0,0.002701885150713026,0,0.0
2014-01-29 14:15:00,1.69,0.018974963602053196,0,0.0
2014-01-29 14:20:00,12.328,0.3223887334659169,0,0.0
2014-01-29 14:25:00,0.33799999999999997,0.19395058986181374,0,0.0
2014-01-29 14:30:00,0.0,0.047537842181111185,0,0.0
2014-01-29 14:35:00,0.33399999999999996,0.0045623637425078346,0,0.0
2014-01-29 14:40:00,0.0,0.03184810436851386,0,0.0
2014-01-29 14:45:00,0.33399999999999996,0.007524655632352288,0,0.0
2014-01-29 14:50:00,0.0,0.006217605644104889,0,0.0
2014-01-29 14:55:00,0.0,0.021586306155577027,0,0.0
2014-01-29 15:00:00,0.33399999999999996,0.03475674669255721,0,0.0
2014-01-29 15:05:00,0.32799999999999996,0.006623635952120845,0,0.0
2014-01-29 15:10:00,0.0,0.013402508144186134,0,0.0
2014-01-29 15:15:00,0.32799999999999996,0.011486030511724952,0,0.0
2014-01-29 15:20:00,0.33399999999999996,0.004950559949456197,0,0.0
2014-01-29 15:25:00,0.0,0.0006101550560306633,0,0.0
2014-01-29 15:30:00,0.33399999999999996,0.0073483217091648905,0,0.0
2014-01-29 15:35:00,0.0,0.014245344592323798,0,0.0
2014-01-29 15:40:00,0.33399999999999996,0.020217191019646828,0,0.0
2014-01-29 15:45:00,2.34,0.06076909004506099,0,0.0
2014-01-29 15:50:00,0.32799999999999996,0.029612497289985714,0,0.0
2014-01-29 15:55:00,0.0,0.01840420327994428,0,0.0
2014-01-29 16:00:00,0.33799999999999997,0.03128476293088483,0,0.0
2014-01-29 16:05:00,0.0,0.004052695928575338,0,0.0
2014-01-29 16:10:00,0.32799999999999996,0.003104131212288197,0,0.0
2014-01-29 16:15:00,6.662000000000001,0.15836386059638585,0,0.0
2014-01-29 16:20:00,6.95,0.08220557289350243,0,0.0
2014-01-29 16:25:00,0.0,0.13955269376173193,0,0.0
2014-01-29 16:30:00,0.33799999999999997,0.010817953766177786,0,0.0
2014-01-29 16:35:00,0.0,0.01820679975016402,0,0.0
2014-01-29 16:40:00,0.32799999999999996,0.007542522412728551,0,0.0
2014-01-29 16:45:00,0.0,0.019902225082766487,0,0.0
2014-01-29 16:50:00,0.33399999999999996,0.00451077169240323,0,0.0
2014-01-29 16:55:00,0.0,0.035785249547546166,0,0.0
2014-01-29 17:00:00,0.33399999999999996,0.01715964505807013,0,0.0
2014-01-29 17:05:00,0.0,0.010089052935399604,0,0.0
2014-01-29 17:10:00,0.33799999999999997,0.0034853305383551404,0,0.0
2014-01-29 17:15:00,0.0,0.00731687968596178,0,0.0
2014-01-29 17:20:00,0.0,0.002661025986947701,0,0.0
2014-01-29 17:25:00,0.32799999999999996,0.008396463789125817,0,0.0
2014-01-29 17:30:00,0.0,0.006354232994653707,0,0.0
2014-01-29 17:35:00,0.32799999999999996,0.0054017369468943146,0,0.0
2014-01-29 17:40:00,0.0,0.030795584410788314,0,0.0
2014-01-29 17:45:00,0.33799999999999997,0.0013708253400916905,0,0.0
2014-01-29 17:50:00,0.0,0.003823135169608071,0,0.0
2014-01-29 17:55:00,0.0,0.014410539486888118,0,0.0
2014-01-29 18:00:00,0.33399999999999996,0.0020197799727663733,0,0.0
2014-01-29 18:05:00,0.33399999999999996,0.01568743665146272,0,0.0
2014-01-29 18:10:00,0.0,0.03223634576961292,0,0.0
2014-01-29 18:15:00,1.64,0.015921992793688156,0,0.0
2014-01-29 18:20:00,11.995999999999999,0.3300853648553443,0,0.0
2014-01-29 18:25:00,0.33399999999999996,0.17098381527102754,0,0.0
2014-01-29 18:30:00,0.0,0.042186204270371314,0,0.0
2014-01-29 18:35:00,0.33399999999999996,0.004376563240169161,0,0.0
2014-01-29 18:40:00,0.0,0.04529954387225287,0,0.0
2014-01-29 18:45:00,0.0,0.019135231500431258,0,0.0
2014-01-29 18:50:00,0.33399999999999996,0.010080207910345784,0,0.0
2014-01-29 18:55:00,0.0,0.02300347581028366,0,0.0
2014-01-29 19:00:00,0.33399999999999996,0.031984284769699695,0,0.0
2014-01-29 19:05:00,0.0,0.00576746215619571,0,0.0
2014-01-29 19:10:00,0.33399999999999996,0.004185316133507311,0,0.0
2014-01-29 19:15:00,0.0,0.003768890058723968,0,0.0
2014-01-29 19:20:00,0.33799999999999997,0.0016700585774129053,0,0.0
2014-01-29 19:25:00,0.0,0.0008430653872836392,0,0.0
2014-01-29 19:30:00,0.0,0.0037786695918055843,0,0.0
2014-01-29 19:35:00,0.33799999999999997,0.004112721429288257,0,0.0
2014-01-29 19:40:00,0.0,0.03213655975712795,0,0.0
2014-01-29 19:45:00,0.33399999999999996,0.003483616071168975,0,0.0
2014-01-29 19:50:00,0.0,0.006814383996851347,0,0.0
2014-01-29 19:55:00,0.33399999999999996,0.009466735512236394,0,0.0
2014-01-29 20:00:00,0.0,0.041680177050298736,0,0.0
2014-01-29 20:05:00,0.33399999999999996,0.02583871748029201,0,0.0
2014-01-29 20:10:00,0.0,0.013644386794545285,0,0.0
2014-01-29 20:15:00,0.33399999999999996,0.030743063623253505,0,0.0
2014-01-29 20:20:00,13.34,0.37461697627795615,0,0.0
2014-01-29 20:25:00,0.32799999999999996,0.1847947465108213,0,0.0
2014-01-29 20:30:00,0.0,0.04593563521713629,0,0.0
2014-01-29 20:35:00,0.33399999999999996,0.005480921482150154,0,0.0
2014-01-29 20:40:00,0.0,0.0346886665003904,0,0.0
2014-01-29 20:45:00,0.0,0.02326941937717655,0,0.0
2014-01-29 20:50:00,0.33399999999999996,0.010499461849547512,0,0.0
2014-01-29 20:55:00,0.0,0.019026815446604558,0,0.0
2014-01-29 21:00:00,0.32799999999999996,0.03767508387605057,0,0.0
2014-01-29 21:05:00,0.0,0.003852269857006957,0,0.0
2014-01-29 21:10:00,0.33799999999999997,0.0025339048306481605,0,0.0
2014-01-29 21:15:00,0.0,0.0034843534592286273,0,0.0
2014-01-29 21:20:00,0.33399999999999996,0.00013606048289009328,0,0.0
2014-01-29 21:25:00,0.0,0.003227681848926417,0,0.0
2014-01-29 21:30:00,0.33399999999999996,0.007300217932105716,0,0.0
2014-01-29 21:35:00,0.0,0.010241300681455906,0,0.0
2014-01-29 21:40:00,0.33399999999999996,0.017915303250654394,0,0.0
2014-01-29 21:45:00,0.0,0.012476133841405055,0,0.0
2014-01-29 21:50:00,0.33799999999999997,0.004418763831955442,0,0.0
2014-01-29 21:55:00,0.0,0.0011329944560200915,0,0.0
2014-01-29 22:00:00,0.41,0.02959685852498008,0,0.0
2014-01-29 22:05:00,0.0,0.012345463989743248,0,0.0
2014-01-29 22:10:00,0.4225,0.005650651766257345,0,0.0
2014-01-29 22:15:00,2.0,0.016868523522448598,0,0.0
2014-01-29 22:20:00,11.662,0.2830803719444656,0,0.0
2014-01-29 22:25:00,0.0,0.17120854771089586,0,0.0
2014-01-29 22:30:00,0.32799999999999996,0.02739100398109835,0,0.0
2014-01-29 22:35:00,0.0,0.010927746850882384,0,0.0
2014-01-29 22:40:00,0.33799999999999997,0.014226575841627394,0,0.0
2014-01-29 22:45:00,0.0,0.023507913309785463,0,0.0
2014-01-29 22:50:00,0.0,0.006431197864085249,0,0.0
2014-01-29 22:55:00,0.33399999999999996,0.00584347022582763,0,0.0
2014-01-29 23:00:00,0.32799999999999996,0.036644252226320034,0,0.0
2014-01-29 23:05:00,0.0,0.00412145144833339,0,0.0
2014-01-29 23:10:00,0.0,0.008994431425731522,0,0.0
2014-01-29 23:15:00,0.33799999999999997,0.013125390381773013,0,0.0
2014-01-29 23:20:00,0.0,0.015278871037005978,0,0.0
2014-01-29 23:25:00,0.32799999999999996,0.018188258243498456,0,0.0
2014-01-29 23:30:00,0.0,0.008220098039708851,0,0.0
2014-01-29 23:35:00,0.33399999999999996,0.002058752343723911,0,0.0
2014-01-29 23:40:00,0.0,0.030247556308236574,0,0.0
2014-01-29 23:45:00,0.0,0.00602123309076005,0,0.0
2014-01-29 23:50:00,0.33399999999999996,0.006294296428270246,0,0.0
2014-01-29 23:55:00,0.0,0.005270997048158035,0,0.0
2014-01-30 00:00:00,0.33399999999999996,0.02249162672240592,0,0.0
2014-01-30 00:05:00,0.0,0.009978846004694788,0,0.0
2014-01-30 00:10:00,0.32799999999999996,0.0004885319145228481,0,0.0
2014-01-30 00:15:00,0.0,0.042496794854490365,0,0.0
2014-01-30 00:20:00,13.68,0.3801186163462419,0,0.0
2014-01-30 00:25:00,0.33399999999999996,0.1759968308831226,0,0.0
2014-01-30 00:30:00,0.0,0.0468047854599957,0,0.0
2014-01-30 00:35:00,0.6679999999999999,0.0125066357852278,0,0.0
2014-01-30 00:40:00,0.0,0.040295785925129966,0,0.0
2014-01-30 00:45:00,0.32799999999999996,0.013847700472254506,0,0.0
2014-01-30 00:50:00,0.0,0.005298997541124114,0,0.0
2014-01-30 00:55:00,0.0,0.01759472335920268,0,0.0
2014-01-30 01:00:00,0.4225,0.03263135528008622,0,0.0
2014-01-30 01:05:00,0.0,0.005584023166558535,0,0.0
2014-01-30 01:10:00,0.0,0.008063451582678956,0,0.0
2014-01-30 01:15:00,0.0,0.0015962622352683456,0,0.0
2014-01-30 01:20:00,0.33399999999999996,0.0004600182719641594,0,0.0
2014-01-30 01:25:00,0.0,0.002981285947547373,0,0.0
2014-01-30 01:30:00,0.32799999999999996,0.007742849262929691,0,0.0
2014-01-30 01:35:00,0.0,0.007263056103980888,0,0.0
2014-01-30 01:40:00,0.0,0.027779452186277854,0,0.0
2014-01-30 01:45:00,0.33399999999999996,0.004567599354975543,0,0.0
2014-01-30 01:50:00,0.33399999999999996,0.0006685354766936427,0,0.0
2014-01-30 01:55:00,0.0,0.0014631406968750051,0,0.0
2014-01-30 02:00:00,0.32799999999999996,0.031843907829596126,0,0.0
2014-01-30 02:05:00,0.0,0.011387705323308413,0,0.0
2014-01-30 02:10:00,0.32799999999999996,0.0050080972449731784,0,0.0
2014-01-30 02:15:00,5.612,0.13009274313484628,0,0.0
2014-01-30 02:20:00,8.056000000000001,0.1107246912176556,0,0.0
2014-01-30 02:25:00,0.0,0.12836882845244665,0,0.0
2014-01-30 02:30:00,0.32799999999999996,0.013600273741084414,0,0.0
2014-01-30 02:35:00,0.0,0.019756901332960698,0,0.0
2014-01-30 02:40:00,0.0,0.013987987690001652,0,0.0
2014-01-30 02:45:00,0.33399999999999996,0.004763129615761765,0,0.0
2014-01-30 02:50:00,0.0,0.009922888508638544,0,0.0
2014-01-30 02:55:00,0.33399999999999996,0.0150513444529008,0,0.0
2014-01-30 03:00:00,0.32799999999999996,0.02320413045358381,0,0.0
2014-01-30 03:05:00,4.918,0.1430965973199828,0,0.0
2014-01-30 03:10:00,0.32799999999999996,0.06913329890688523,0,0.0
2014-01-30 03:15:00,0.0,0.028854506508976425,0,0.0
2014-01-30 03:20:00,0.0,0.01302746741900443,0,0.0
2014-01-30 03:25:00,0.33399999999999996,0.0022140380080012518,0,0.0
2014-01-30 03:30:00,0.0,0.01316714186881075,0,0.0
2014-01-30 03:35:00,0.32799999999999996,0.00116595054926477,0,0.0
2014-01-30 03:40:00,0.0,0.026663634729476204,0,0.0
2014-01-30 03:45:00,0.33399999999999996,0.013409529070890531,0,0.0
2014-01-30 03:50:00,0.0,0.005676479063611773,0,0.0
2014-01-30 03:55:00,0.0,0.01373578768238608,0,0.0
2014-01-30 04:00:00,0.33799999999999997,0.002493359366722017,0,0.0
2014-01-30 04:05:00,0.0,0.002014999282183836,0,0.0
2014-01-30 04:10:00,0.32799999999999996,0.004166108310319642,0,0.0
2014-01-30 04:15:00,13.652000000000001,0.3696634235386567,0,0.0
2014-01-30 04:20:00,0.0,0.22330538094869964,0,0.0
2014-01-30 04:25:00,0.33399999999999996,0.04179859969338832,0,0.0
2014-01-30 04:30:00,0.0,0.008095546988955905,0,0.0
2014-01-30 04:35:00,0.32799999999999996,0.01759624809474608,0,0.0
2014-01-30 04:40:00,0.0,0.0075267400447505345,0,0.0
2014-01-30 04:45:00,0.0,0.019277797489021583,0,0.0
2014-01-30 04:50:00,0.32799999999999996,0.0037826567046935935,0,0.0
2014-01-30 04:55:00,0.0,0.04953864655003029,0,0.0
2014-01-30 05:00:00,0.33799999999999997,0.005335211874765846,0,0.0
2014-01-30 05:05:00,0.0,0.030087765819690963,0,0.0
2014-01-30 05:10:00,0.33799999999999997,0.022779782059087626,0,0.0
2014-01-30 05:15:00,0.0,0.004365544780909175,0,0.0
2014-01-30 05:20:00,0.33799999999999997,0.02563320611472231,0,0.0
2014-01-30 05:25:00,0.0,0.00288759342509805,0,0.0
2014-01-30 05:30:00,0.0,0.005164759070028241,0,0.0
2014-01-30 05:35:00,0.32799999999999996,0.01576246124765299,0,0.0
2014-01-30 05:40:00,0.0,0.01278621083685668,0,0.0
2014-01-30 05:45:00,0.33799999999999997,0.00518813739985814,0,0.0
2014-01-30 05:50:00,0.0,0.0025096938855090397,0,0.0
2014-01-30 05:55:00,0.0,0.03913062815030225,0,0.0
2014-01-30 06:00:00,0.32799999999999996,0.025039841166195332,0,0.0
2014-01-30 06:05:00,0.32799999999999996,0.005313841224562996,0,0.0
2014-01-30 06:10:00,11.612,0.30435511785860514,0,0.0
2014-01-30 06:15:00,2.0,0.15785050074702398,0,0.0
2014-01-30 06:20:00,0.0,0.06227254980643782,0,0.0
2014-01-30 06:25:00,0.33399999999999996,0.003100111496429525,0,0.0
2014-01-30 06:30:00,0.0,0.027842550653326102,0,0.0
2014-01-30 06:35:00,0.33799999999999997,0.010556720812250174,0,0.0
2014-01-30 06:40:00,0.0,0.014453603284767334,0,0.0
2014-01-30 06:45:00,0.0,0.012263041987233596,0,0.0
2014-01-30 06:50:00,0.33399999999999996,0.030062179968364574,0,0.0
2014-01-30 06:55:00,0.0,0.011802941720459871,0,0.0
2014-01-30 07:00:00,0.33799999999999997,0.0017122736540933694,0,0.0
2014-01-30 07:05:00,0.0,0.0019631958782538785,0,0.0
2014-01-30 07:10:00,0.33799999999999997,0.001836739491239264,0,0.0
2014-01-30 07:15:00,0.0,0.00011678984064964123,0,0.0
2014-01-30 07:20:00,0.33399999999999996,0.00745119552867558,0,0.0
2014-01-30 07:25:00,0.0,0.006155140673479677,0,0.0
2014-01-30 07:30:00,0.33399999999999996,0.012984321681384385,0,0.0
2014-01-30 07:35:00,0.0,0.01477624448310066,0,0.0
2014-01-30 07:40:00,0.0,0.00734438826518253,0,0.0
2014-01-30 07:45:00,0.33399999999999996,0.014821210606253013,0,0.0
2014-01-30 07:50:00,0.0,0.034993388340690386,0,0.0
2014-01-30 07:55:00,0.33399999999999996,0.017955005320578348,0,0.0
2014-01-30 08:00:00,0.0,0.0032325550214236352,0,0.0
2014-01-30 08:05:00,13.968,0.3834359451572349,0,0.0
2014-01-30 08:10:00,0.0,0.2464982256948737,0,0.0
2014-01-30 08:15:00,0.0,0.05331391069094483,0,0.0
2014-01-30 08:20:00,0.32799999999999996,0.008983253060343041,0,0.0
2014-01-30 08:25:00,0.0,0.029923202203063225,0,0.0
2014-01-30 08:30:00,0.33799999999999997,0.011270046561990658,0,0.0
2014-01-30 08:35:00,0.0,0.006693942371730496,0,0.0
2014-01-30 08:40:00,0.33399999999999996,0.004917165639745314,0,0.0
2014-01-30 08:45:00,0.0,0.048492415776502,0,0.0
2014-01-30 08:50:00,0.0,0.004682171589291392,0,0.0
2014-01-30 08:55:00,0.33399999999999996,0.0033695459559874713,0,0.0
2014-01-30 09:00:00,0.33799999999999997,0.008914155366522772,0,0.0
2014-01-30 09:05:00,0.0,0.015214185957425613,0,0.0
2014-01-30 09:10:00,0.0,0.006838708092554388,0,0.0
2014-01-30 09:15:00,0.32799999999999996,0.005493646766456422,0,0.0
2014-01-30 09:20:00,0.0,0.0053078182582790776,0,0.0
2014-01-30 09:25:00,0.33399999999999996,0.017276497210977425,0,0.0
2014-01-30 09:30:00,0.0,0.010411265631547015,0,0.0
2014-01-30 09:35:00,0.0,0.006361079364035987,0,0.0
2014-01-30 09:40:00,0.32799999999999996,0.017153578307935013,0,0.0
2014-01-30 09:45:00,0.0,0.04254969751493324,0,0.0
2014-01-30 09:50:00,0.33799999999999997,0.02567076277552734,0,0.0
2014-01-30 09:55:00,6.95,0.2069927233626371,0,0.0
2014-01-30 10:00:00,6.666,0.04834626597933395,0,0.0
2014-01-30 10:05:00,0.33399999999999996,0.15898729132165798,0,0.0
2014-01-30 10:10:00,0.0,0.025586141742948158,0,0.0
2014-01-30 10:15:00,0.32799999999999996,0.002753388248282685,0,0.0
2014-01-30 10:20:00,0.0,0.015744310131762754,0,0.0
2014-01-30 10:25:00,0.0,0.011069150603615602,0,0.0
2014-01-30 10:30:00,0.32799999999999996,0.003748178270608118,0,0.0
2014-01-30 10:35:00,0.0,0.03375554373574368,0,0.0
2014-01-30 10:40:00,0.32799999999999996,0.013307897392745821,0,0.0
2014-01-30 10:45:00,0.0,0.008124950114719942,0,0.0
2014-01-30 10:50:00,0.33399999999999996,0.007457369455820304,0,0.0
2014-01-30 10:55:00,0.0,0.010342463866839312,0,0.0
2014-01-30 11:00:00,0.33799999999999997,0.00976581919675292,0,0.0
2014-01-30 11:05:00,0.0,0.001995383416530484,0,0.0
2014-01-30 11:10:00,0.0,0.0034976288549035074,0,0.0
2014-01-30 11:15:00,0.33799999999999997,0.002516874337766741,0,0.0
2014-01-30 11:20:00,0.0,0.022538561928003843,0,0.0
2014-01-30 11:25:00,0.33799999999999997,0.0040724497551845465,0,0.0
2014-01-30 11:30:00,0.0,0.003287006573425963,0,0.0
2014-01-30 11:35:00,0.32799999999999996,0.006216572215928287,0,0.0
2014-01-30 11:40:00,0.0,0.014816832942480469,0,0.0
2014-01-30 11:45:00,0.0,0.006186700920118648,0,0.0
2014-01-30 11:50:00,14.036,0.40107667575859773,0,0.0
2014-01-30 11:55:00,0.0,0.2465748139409288,0,0.0
2014-01-30 12:00:00,0.33799999999999997,0.06303531093003795,0,0.0
2014-01-30 12:05:00,0.0,0.008003681104931201,0,0.0
2014-01-30 12:10:00,0.33799999999999997,0.016255188783794797,0,0.0
2014-01-30 12:15:00,0.0,0.0010098758794354307,0,0.0
2014-01-30 12:20:00,2.372,0.0774052853676387,0,0.0
2014-01-30 12:25:00,0.33799999999999997,0.038571646901417095,0,0.0
2014-01-30 12:30:00,0.0,0.06016616864296434,0,0.0
2014-01-30 12:35:00,0.672,0.012390594526823562,0,0.0
2014-01-30 12:40:00,0.0,0.02565500999549853,0,0.0
2014-01-30 12:45:00,0.32799999999999996,0.0090556104262766,0,0.0
2014-01-30 12:50:00,0.0,0.015025307549452875,0,0.0
2014-01-30 12:55:00,0.0,0.004055420919975024,0,0.0
2014-01-30 13:00:00,0.32799999999999996,0.0004117505155202641,0,0.0
2014-01-30 13:05:00,0.33799999999999997,0.006030966994608545,0,0.0
2014-01-30 13:10:00,0.0,0.03300903294589519,0,0.0
2014-01-30 13:15:00,0.0,0.009156917580588805,0,0.0
2014-01-30 13:20:00,0.33799999999999997,0.004196837757740662,0,0.0
2014-01-30 13:25:00,0.0,0.002959291936528957,0,0.0
2014-01-30 13:30:00,0.33799999999999997,0.026992956857695368,0,0.0
2014-01-30 13:35:00,0.0,0.01483939932971032,0,0.0
2014-01-30 13:40:00,3.7239999999999998,0.10258438726966196,0,0.0
2014-01-30 13:45:00,10.328,0.20472277080630294,0,0.0
2014-01-30 13:50:00,0.0,0.1989334867066944,0,0.0
2014-01-30 13:55:00,0.33799999999999997,0.02217475493602104,0,0.0
2014-01-30 14:00:00,0.0,0.01911486662087193,0,0.0
2014-01-30 14:05:00,0.33799999999999997,0.004996636113950154,0,0.0
2014-01-30 14:10:00,0.32799999999999996,0.01230356846570234,0,0.0
2014-01-30 14:15:00,0.0,0.026242853657405037,0,0.0
2014-01-30 14:20:00,0.33799999999999997,0.01638009015439366,0,0.0
2014-01-30 14:25:00,0.0,0.03532856952651883,0,0.0
2014-01-30 14:30:00,5.296,0.15830332347875614,0,0.0
2014-01-30 14:35:00,1.016,0.04476972991255837,0,0.0
2014-01-30 14:40:00,0.0,0.03548469959350367,0,0.0
2014-01-30 14:45:00,0.0,0.019981575106202173,0,0.0
2014-01-30 14:50:00,0.32799999999999996,0.0008499682317430362,0,0.0
2014-01-30 14:55:00,0.0,0.014651649434701753,0,0.0
2014-01-30 15:00:00,0.32799999999999996,0.00035450611765306,0,0.0
2014-01-30 15:05:00,0.0,0.028321673152188906,0,0.0
2014-01-30 15:10:00,0.41,0.010388550780463308,0,0.0
2014-01-30 15:15:00,0.0,0.009618851607467284,0,0.0
2014-01-30 15:20:00,0.33399999999999996,0.002539264702636416,0,0.0
2014-01-30 15:25:00,0.0,0.02429347278503385,0,0.0
2014-01-30 15:30:00,0.33399999999999996,0.017480699875780728,0,0.0
2014-01-30 15:35:00,10.334000000000001,0.2945160725909896,0,0.0
2014-01-30 15:40:00,3.2880000000000003,0.09828636017233834,0,0.0
2014-01-30 15:45:00,0.0,0.11114329205748998,0,0.0
2014-01-30 15:50:00,0.32799999999999996,0.014024987409738765,0,0.0
2014-01-30 15:55:00,0.0,0.025049517020394724,0,0.0
2014-01-30 16:00:00,0.33799999999999997,0.005184499685966,0,0.0
2014-01-30 16:05:00,0.0,0.006839988324074848,0,0.0
2014-01-30 16:10:00,0.33799999999999997,0.017982973707403482,0,0.0
2014-01-30 16:15:00,0.0,0.03171608696268298,0,0.0
2014-01-30 16:20:00,0.0,0.016632349355746322,0,0.0
2014-01-30 16:25:00,0.672,0.005456745674104252,0,0.0
2014-01-30 16:30:00,0.0,0.0233591679161562,0,0.0
2014-01-30 16:35:00,0.0,2.0538509979594394e-05,0,0.0
2014-01-30 16:40:00,0.33399999999999996,0.02282570577471343,0,0.0
2014-01-30 16:45:00,0.0,0.005109979478209049,0,0.0
2014-01-30 16:50:00,0.33399999999999996,0.0147963254898046,0,0.0
2014-01-30 16:55:00,0.0,0.02431162169360272,0,0.0
2014-01-30 17:00:00,0.32799999999999996,0.00492437232180386,0,0.0
2014-01-30 17:05:00,0.0,0.009435350313514564,0,0.0
2014-01-30 17:10:00,0.33799999999999997,0.01194725736959716,0,0.0
2014-01-30 17:15:00,0.0,0.029023317070163205,0,0.0
2014-01-30 17:20:00,0.32799999999999996,0.014703232723838097,0,0.0
2014-01-30 17:25:00,0.0,0.006986028127995325,0,0.0
2014-01-30 17:30:00,0.0,0.04859247020336389,0,0.0
2014-01-30 17:35:00,0.33399999999999996,0.024955913492578256,0,0.0
2014-01-30 17:40:00,7.34,0.2270419036469392,0,0.0
2014-01-30 17:45:00,6.284,0.10778634571490983,0,0.0
2014-01-30 17:50:00,0.32799999999999996,0.09234865275112476,0,0.0
2014-01-30 17:55:00,0.0,0.02957641375657961,0,0.0
2014-01-30 18:00:00,0.33399999999999996,0.03026888979437708,0,0.0
2014-01-30 18:05:00,0.0,0.037671691714591685,0,0.0
2014-01-30 18:10:00,0.41,0.003614146611994743,0,0.0
2014-01-30 18:15:00,0.0,0.011864837048668272,0,0.0
2014-01-30 18:20:00,0.33799999999999997,0.02210001752049241,0,0.0
2014-01-30 18:25:00,0.0,0.026416028841611743,0,0.0
2014-01-30 18:30:00,0.33399999999999996,0.001996664305557216,0,0.0
2014-01-30 18:35:00,0.0,0.004464989146383357,0,0.0
2014-01-30 18:40:00,0.0,0.005674357065237438,0,0.0
2014-01-30 18:45:00,0.33399999999999996,0.010652776958597,0,0.0
2014-01-30 18:50:00,0.0,0.004572591565135727,0,0.0
2014-01-30 18:55:00,0.32799999999999996,0.009324583813401423,0,0.0
2014-01-30 19:00:00,0.0,0.01971107879427676,0,0.0
2014-01-30 19:05:00,0.33399999999999996,0.006017011889890594,0,0.0
2014-01-30 19:10:00,0.0,0.01042284029178198,0,0.0
2014-01-30 19:15:00,0.33399999999999996,0.010389271986531936,0,0.0
2014-01-30 19:20:00,5.716,0.15479252894326462,0,0.0
2014-01-30 19:25:00,0.0,0.08723898383511135,0,0.0
2014-01-30 19:30:00,0.33399999999999996,0.012844170260384029,0,0.0
2014-01-30 19:35:00,0.0,0.050215428406841615,0,0.0
2014-01-30 19:40:00,0.32799999999999996,0.05251528655654958,0,0.0
2014-01-30 19:45:00,0.0,0.01548960948129989,0,0.0
2014-01-30 19:50:00,0.0,0.01751082707702609,0,0.0
2014-01-30 19:55:00,0.32799999999999996,0.027545444924221764,0,0.0
2014-01-30 20:00:00,0.33799999999999997,0.00795768048207339,0,0.0
2014-01-30 20:05:00,0.0,0.003932487739930759,0,0.0
2014-01-30 20:10:00,0.0,0.008541053454369051,0,0.0
2014-01-30 20:15:00,0.33799999999999997,0.01056301261968775,0,0.0
2014-01-30 20:20:00,0.0,0.010716875082156649,0,0.0
2014-01-30 20:25:00,0.33799999999999997,0.010267070208790578,0,0.0
2014-01-30 20:30:00,0.0,0.0053659168856089465,0,0.0
2014-01-30 20:35:00,0.33399999999999996,0.006725649438483433,0,0.0
2014-01-30 20:40:00,3.2880000000000003,0.08338029629136089,0,0.0
2014-01-30 20:45:00,0.0,0.05278829781551592,0,0.0
2014-01-30 20:50:00,0.33799999999999997,0.0070717048648500595,0,0.0
2014-01-30 20:55:00,0.0,0.011786045765849441,0,0.0
2014-01-30 21:00:00,0.33399999999999996,0.017713347455083926,0,0.0
2014-01-30 21:05:00,0.0,0.0006102596172592893,0,0.0
2014-01-30 21:10:00,0.32799999999999996,0.0029785970532894643,0,0.0
2014-01-30 21:15:00,0.0,0.03227462848200185,0,0.0
2014-01-30 21:20:00,0.4175,0.011857315654090908,0,0.0
2014-01-30 21:25:00,8.322000000000001,0.25488997642790245,0,0.0
2014-01-30 21:30:00,0.0,0.11317122909132148,0,0.0
2014-01-30 21:35:00,0.41,0.01700559053775644,0,0.0
2014-01-30 21:40:00,0.0,0.01950035724070486,0,0.0
2014-01-30 21:45:00,0.33799999999999997,0.019141885618472642,0,0.0
2014-01-30 21:50:00,0.0,0.01657753433056207,0,0.0
2014-01-30 21:55:00,0.0,0.005092718551813029,0,0.0
2014-01-30 22:00:00,0.4175,0.0016397938710197135,0,0.0
2014-01-30 22:05:00,0.33399999999999996,0.021317806779459058,0,0.0
2014-01-30 22:10:00,0.0,0.010959492551200023,0,0.0
2014-01-30 22:15:00,0.0,0.004887061735303375,0,0.0
2014-01-30 22:20:00,0.33799999999999997,0.003459725659922353,0,0.0
2014-01-30 22:25:00,0.0,0.007329005835653812,0,0.0
2014-01-30 22:30:00,0.33799999999999997,0.010519940274238328,0,0.0
2014-01-30 22:35:00,0.0,0.01837079948074093,0,0.0
2014-01-30 22:40:00,0.0,0.009748538968334813,0,0.0
2014-01-30 22:45:00,0.0,0.0133747791234062,0,0.0
2014-01-30 22:50:00,0.0,0.0010715963514933585,0,0.0
2014-01-30 22:55:00,0.32799999999999996,0.013847601308565232,0,0.0
2014-01-30 23:00:00,0.33399999999999996,0.01157296342959446,0,0.0
2014-01-30 23:05:00,0.0,0.028537866315852287,0,0.0
2014-01-30 23:10:00,0.0,0.010525484921942942,0,0.0
2014-01-30 23:15:00,0.33399999999999996,0.0021228928070450986,0,0.0
2014-01-30 23:20:00,0.0,0.039705735598976576,0,0.0
2014-01-30 23:25:00,0.32799999999999996,0.009563878603560054,0,0.0
2014-01-30 23:30:00,0.0,0.004656492168093062,0,0.0
2014-01-30 23:35:00,0.0,0.010667583367497869,0,0.0
2014-01-30 23:40:00,0.33399999999999996,0.02091999749339161,0,0.0
2014-01-30 23:45:00,0.0,0.003942512924858061,0,0.0
2014-01-30 23:50:00,0.33399999999999996,0.005539295311053547,0,0.0
2014-01-30 23:55:00,0.0,0.007610025388992309,0,0.0
2014-01-31 00:00:00,0.33799999999999997,0.004185826251627428,0,0.0
2014-01-31 00:05:00,0.0,0.006251864813570811,0,0.0
2014-01-31 00:10:00,0.32799999999999996,0.007014401008857509,0,0.0
2014-01-31 00:15:00,0.0,0.006882066242318699,0,0.0
2014-01-31 00:20:00,0.6659999999999999,0.016255225173628714,0,0.0
2014-01-31 00:25:00,0.0,0.012420244709233004,0,0.0
2014-01-31 00:30:00,0.0,0.005608860420878129,0,0.0
2014-01-31 00:35:00,0.33799999999999997,0.00774920506076686,0,0.0
2014-01-31 00:40:00,0.0,0.00817103410608785,0,0.0
2014-01-31 00:45:00,0.33399999999999996,0.007636807066733394,0,0.0
2014-01-31 00:50:00,0.0,0.008200383277333318,0,0.0
2014-01-31 00:55:00,0.0,0.006378515674885898,0,0.0
2014-01-31 01:00:00,0.33799999999999997,0.006403604759770381,0,0.0
2014-01-31 01:05:00,0.32799999999999996,0.0037982836442949884,0,0.0
2014-01-31 01:10:00,0.0,0.008128696711401808,0,0.0
2014-01-31 01:15:00,0.32799999999999996,0.007294570856490156,0,0.0
2014-01-31 01:20:00,0.0,0.009828236987093477,0,0.0
2014-01-31 01:25:00,0.0,0.003679963357413261,0,0.0
2014-01-31 01:30:00,0.33399999999999996,0.008170186628087467,0,0.0
2014-01-31 01:35:00,0.0,0.006536190044297082,0,0.0
2014-01-31 01:40:00,0.4175,0.0070671168290440955,0,0.0
2014-01-31 01:45:00,0.0,0.00832932626330415,0,0.0
2014-01-31 01:50:00,0.0,0.00505647961085326,0,0.0
2014-01-31 01:55:00,0.32799999999999996,0.007425919535370256,0,0.0
2014-01-31 02:00:00,0.33399999999999996,0.002035213208620059,0,0.0
2014-01-31 02:05:00,0.0,0.007587513133135539,0,0.0
2014-01-31 02:10:00,0.0,0.003192618747365424,0,0.0
2014-01-31 02:15:00,0.33399999999999996,0.004799702689672599,0,0.0
2014-01-31 02:20:00,0.0,0.008061440844103774,0,0.0
2014-01-31 02:25:00,0.33399999999999996,0.007504903373358137,0,0.0
2014-01-31 02:30:00,0.0,0.005801460460697533,0,0.0
2014-01-31 02:35:00,0.33399999999999996,0.006045569484665843,0,0.0
2014-01-31 02:40:00,0.0,0.00842701107014128,0,0.0
2014-01-31 02:45:00,0.0,0.0036815297966927203,0,0.0
2014-01-31 02:50:00,0.33799999999999997,0.009563214976370391,0,0.0
2014-01-31 02:55:00,0.0,0.00874857217948782,0,0.0
2014-01-31 03:00:00,0.32799999999999996,0.005445520906763085,0,0.0
2014-01-31 03:05:00,0.0,0.006641004007850437,0,0.0
2014-01-31 03:10:00,0.33799999999999997,0.0058247238289595715,0,0.0
2014-01-31 03:15:00,0.0,0.006919947144445972,0,0.0
2014-01-31 03:20:00,0.33799999999999997,0.00703909494705419,0,0.0
2014-01-31 03:25:00,0.0,0.006855874001427621,0,0.0
2014-01-31 03:30:00,0.33799999999999997,0.006365876492318917,0,0.0
2014-01-31 03:35:00,0.0,0.00902209910945657,0,0.0
2014-01-31 03:40:00,5.246,0.15671252087293167,0,0.0
2014-01-31 03:45:00,0.0,0.07535093492785126,0,0.0
2014-01-31 03:50:00,0.4175,0.01434608183417592,0,0.0
2014-01-31 03:55:00,0.0,0.019703030308190383,0,0.0
2014-01-31 04:00:00,0.33399999999999996,0.009948119253274426,0,0.0
2014-01-31 04:05:00,0.0,0.011738801575291636,0,0.0
2014-01-31 04:10:00,0.33399999999999996,0.005830147453102935,0,0.0
2014-01-31 04:15:00,0.0,0.010579199330840698,0,0.0
2014-01-31 04:20:00,0.32799999999999996,0.00886682334513797,0,0.0
2014-01-31 04:25:00,0.0,0.007836724008954256,0,0.0
2014-01-31 04:30:00,0.0,0.0078719842469305,0,0.0
2014-01-31 04:35:00,0.33399999999999996,0.01271603748369061,0,0.0
2014-01-31 04:40:00,0.0,0.011161106023132687,0,0.0
2014-01-31 04:45:00,0.32799999999999996,0.01151536797209135,0,0.0
2014-01-31 04:50:00,0.0,0.008778626148623708,0,0.0
2014-01-31 04:55:00,0.33399999999999996,0.008618512989583474,0,0.0
2014-01-31 05:00:00,0.33799999999999997,0.007861873834192392,0,0.0
2014-01-31 05:05:00,0.0,0.00841433034101405,0,0.0
2014-01-31 05:10:00,0.0,0.005487085354565028,0,0.0
2014-01-31 05:15:00,0.33399999999999996,0.010409148556320618,0,0.0
2014-01-31 05:20:00,0.0,0.020393238869843552,0,0.0
2014-01-31 05:25:00,0.33399999999999996,0.01548423704608153,0,0.0
2014-01-31 05:30:00,0.0,0.0100210040726744,0,0.0
2014-01-31 05:35:00,0.32799999999999996,0.013543591211808488,0,0.0
2014-01-31 05:40:00,0.0,0.018118972088211432,0,0.0
2014-01-31 05:45:00,0.0,0.002880231991124801,0,0.0
2014-01-31 05:50:00,0.33799999999999997,0.01695614933986193,0,0.0
2014-01-31 05:55:00,0.0,0.0013101678851255966,0,0.0
2014-01-31 06:00:00,0.4175,0.015939661078953143,0,0.0
2014-01-31 06:05:00,0.0,0.009993708801613798,0,0.0
2014-01-31 06:10:00,0.33399999999999996,0.00692716959617543,0,0.0
2014-01-31 06:15:00,0.0,0.009519109302296314,0,0.0
2014-01-31 06:20:00,0.33799999999999997,0.0075756179796555145,0,0.0
2014-01-31 06:25:00,0.0,0.0071931722386616185,0,0.0
2014-01-31 06:30:00,0.33799999999999997,0.007050999094468101,0,0.0
2014-01-31 06:35:00,0.0,0.008615258088973997,0,0.0
2014-01-31 06:40:00,0.33799999999999997,0.005346994533369373,0,0.0
2014-01-31 06:45:00,0.0,0.007029140979698551,0,0.0
2014-01-31 06:50:00,0.0,0.00484181246384072,0,0.0
2014-01-31 06:55:00,0.32799999999999996,0.006159143423147785,0,0.0
2014-01-31 07:00:00,0.33399999999999996,0.00349154401081793,0,0.0
2014-01-31 07:05:00,0.0,0.006567411905787589,0,0.0
2014-01-31 07:10:00,0.0,0.004118876395218656,0,0.0
2014-01-31 07:15:00,0.33799999999999997,0.00752992004438709,0,0.0
2014-01-31 07:20:00,0.0,0.008925605993852387,0,0.0
2014-01-31 07:25:00,0.33399999999999996,0.007869690223722699,0,0.0
2014-01-31 07:30:00,0.0,0.008219475957270444,0,0.0
2014-01-31 07:35:00,0.32799999999999996,0.007193186905243796,0,0.0
2014-01-31 07:40:00,1.334,0.03266623297440578,0,0.0
2014-01-31 07:45:00,0.0,0.02158305459751986,0,0.0
2014-01-31 07:50:00,0.33799999999999997,0.000650127486724616,0,0.0
2014-01-31 07:55:00,0.0,0.010042509839494052,0,0.0
2014-01-31 08:00:00,0.33799999999999997,0.001154782095985633,0,0.0
2014-01-31 08:05:00,0.0,0.007763106934678656,0,0.0
2014-01-31 08:10:00,0.0,0.003766274646366212,0,0.0
2014-01-31 08:15:00,0.0,0.003853023186070285,0,0.0
2014-01-31 08:20:00,0.0,0.00637577895690005,0,0.0
2014-01-31 08:25:00,0.32799999999999996,0.008235686475111827,0,0.0
2014-01-31 08:30:00,0.0,0.005772031258864146,0,0.0
2014-01-31 08:35:00,0.4225,0.009526905091777536,0,0.0
2014-01-31 08:40:00,11.62,0.3488858769587509,0,0.0
2014-01-31 08:45:00,11.718,0.1920308976262863,0,0.0
2014-01-31 08:50:00,5.318,0.05859650570265493,0,0.0
2014-01-31 08:55:00,0.33399999999999996,0.14320395531313307,0,0.0
2014-01-31 09:00:00,0.32799999999999996,0.08072464547143716,0,0.0
2014-01-31 09:05:00,0.0,0.06797921109192462,0,0.0
2014-01-31 09:10:00,0.0,0.032166048997698836,0,0.0
2014-01-31 09:15:00,0.4175,0.0043159885478021845,0,0.0
2014-01-31 09:20:00,0.0,0.05261876304395157,0,0.0
2014-01-31 09:25:00,0.32799999999999996,0.0307420469712676,0,0.0
2014-01-31 09:30:00,0.0,0.02887924942621549,0,0.0
2014-01-31 09:35:00,0.33399999999999996,0.0031093443186690915,0,0.0
2014-01-31 09:40:00,0.0,0.011586975712257024,0,0.0
2014-01-31 09:45:00,0.0,0.0018575681436243823,0,0.0
2014-01-31 09:50:00,0.33399999999999996,0.015540339105921498,0,0.0
2014-01-31 09:55:00,0.0,0.00027089536063455217,0,0.0
2014-01-31 10:00:00,0.33399999999999996,0.008676533192638431,0,0.0
2014-01-31 10:05:00,0.0,0.02904833875834324,0,0.0
2014-01-31 10:10:00,0.33399999999999996,0.0038739849553699225,0,0.0
2014-01-31 10:15:00,0.0,0.004411162103933979,0,0.0
2014-01-31 10:20:00,0.0,0.0250789125236587,0,0.0
2014-01-31 10:25:00,0.32799999999999996,0.0012309319604033556,0,0.0
2014-01-31 10:30:00,4.215,0.12099332410707662,0,0.0
2014-01-31 10:35:00,0.0,0.10730002395839484,0,0.0
2014-01-31 10:40:00,0.32799999999999996,0.0797840517787194,0,0.0
2014-01-31 10:45:00,0.0,0.0408304159559547,0,0.0
2014-01-31 10:50:00,0.33399999999999996,0.017328184371823548,0,0.0
2014-01-31 10:55:00,0.0,0.03440621182037345,0,0.0
2014-01-31 11:00:00,0.33399999999999996,0.051168572838860615,0,0.0
2014-01-31 11:05:00,0.0,0.010619549292431113,0,0.0
2014-01-31 11:10:00,0.0,0.012119214204055359,0,0.0
2014-01-31 11:15:00,0.0,0.005061140327021547,0,0.0
2014-01-31 11:20:00,0.0,0.004103942316207591,0,0.0
2014-01-31 11:25:00,0.6679999999999999,0.021461595187034187,0,0.0
2014-01-31 11:30:00,0.0,0.015084134456660318,0,0.0
2014-01-31 11:35:00,0.4175,0.012943567196669227,0,0.0
2014-01-31 11:40:00,0.0,0.008903440934911295,0,0.0
2014-01-31 11:45:00,0.32799999999999996,0.006516326335823589,0,0.0
2014-01-31 11:50:00,0.0,0.015768658203699774,0,0.0
2014-01-31 11:55:00,0.0,0.0037197295414699593,0,0.0
2014-01-31 12:00:00,0.32799999999999996,0.006745461617548145,0,0.0
2014-01-31 12:05:00,0.33399999999999996,0.0035977907614083743,0,0.0
2014-01-31 12:10:00,0.0,0.017612054212913578,0,0.0
2014-01-31 12:15:00,0.0,0.003549707839633064,0,0.0
2014-01-31 12:20:00,0.32799999999999996,0.003941199596763622,0,0.0
2014-01-31 12:25:00,0.0,0.023569058781185502,0,0.0
2014-01-31 12:30:00,0.33399999999999996,8.420682011301726e-05,0,0.0
2014-01-31 12:35:00,0.0,0.0010089448949356344,0,0.0
2014-01-31 12:40:00,0.0,0.0024141314327231285,0,0.0
2014-01-31 12:45:00,0.33799999999999997,0.013849844841311076,0,0.0
2014-01-31 12:50:00,0.0,0.001665080348565268,0,0.0
2014-01-31 12:55:00,0.4175,0.008033963585620788,0,0.0
2014-01-31 13:00:00,0.0,0.007450135251931764,0,0.0
2014-01-31 13:05:00,0.33399999999999996,0.0050861109984040006,0,0.0
2014-01-31 13:10:00,0.0,0.0051084291182874044,0,0.0
2014-01-31 13:15:00,0.33399999999999996,0.006098540281751562,0,0.0
2014-01-31 13:20:00,0.0,0.00875914814690326,0,0.0
2014-01-31 13:25:00,0.0,0.0067976731841979795,0,0.0
2014-01-31 13:30:00,0.33399999999999996,0.007883566873760007,0,0.0
2014-01-31 13:35:00,0.0,0.007173486292933247,0,0.0
2014-01-31 13:40:00,0.33399999999999996,0.006978006555117634,0,0.0
2014-01-31 13:45:00,0.0,0.006629883559436926,0,0.0
2014-01-31 13:50:00,0.0,0.0023734914309825397,0,0.0
2014-01-31 13:55:00,0.33799999999999997,0.007384099389461381,0,0.0
2014-01-31 14:00:00,0.41,0.004230329518549937,0,0.0
2014-01-31 14:05:00,0.0,0.008583546061913874,0,0.0
2014-01-31 14:10:00,0.33399999999999996,0.006690833739969953,0,0.0
2014-01-31 14:15:00,0.0,0.008120650309058671,0,0.0
2014-01-31 14:20:00,0.0,0.0042543420698336895,0,0.0
2014-01-31 14:25:00,0.32799999999999996,0.006659636541248457,0,0.0
2014-01-31 14:30:00,0.0,0.006379031412262033,0,0.0
2014-01-31 14:35:00,0.33399999999999996,0.0062345339565302756,0,0.0
2014-01-31 14:40:00,0.0,0.0069126533410927655,0,0.0
2014-01-31 14:45:00,0.0,0.0045580262965608,0,0.0
2014-01-31 14:50:00,0.33399999999999996,0.00731939261171616,0,0.0
2014-01-31 14:55:00,0.0,0.00787359066411357,0,0.0
2014-01-31 15:00:00,0.33799999999999997,0.007398698974978042,0,0.0
2014-01-31 15:05:00,0.0,0.006072801253009949,0,0.0
2014-01-31 15:10:00,0.33799999999999997,0.005746647294766643,0,0.0
2014-01-31 15:15:00,0.0,0.0065816507587724326,0,0.0
2014-01-31 15:20:00,0.4225,0.009034570950406008,0,0.0
2014-01-31 15:25:00,0.0,0.007953975356314216,0,0.0
2014-01-31 15:30:00,0.32799999999999996,0.005212826929275435,0,0.0
2014-01-31 15:35:00,0.0,0.007996199321425012,0,0.0
2014-01-31 15:40:00,0.0,0.004838062690185146,0,0.0
2014-01-31 15:45:00,0.33399999999999996,0.009610044057740614,0,0.0
2014-01-31 15:50:00,0.0,0.009011999530978095,0,0.0
2014-01-31 15:55:00,0.33799999999999997,0.006179647716959954,0,0.0
2014-01-31 16:00:00,0.0,0.007500417399051063,0,0.0
2014-01-31 16:05:00,0.33799999999999997,0.006297802378728131,0,0.0
2014-01-31 16:10:00,0.0,0.006888258948453679,0,0.0
2014-01-31 16:15:00,0.32799999999999996,0.007867990070978341,0,0.0
2014-01-31 16:20:00,0.0,0.007191132850542532,0,0.0
2014-01-31 16:25:00,0.33399999999999996,0.006492335455968292,0,0.0
2014-01-31 16:30:00,0.0,0.008688173472398182,0,0.0
2014-01-31 16:35:00,0.0,0.0034103034169960323,0,0.0
2014-01-31 16:40:00,0.33399999999999996,0.007851666475251947,0,0.0
2014-01-31 16:45:00,0.0,0.007288648690246628,0,0.0
2014-01-31 16:50:00,0.41,0.00849597811923263,0,0.0
2014-01-31 16:55:00,0.0,0.007975776460065542,0,0.0
2014-01-31 17:00:00,0.33399999999999996,0.005517239134096522,0,0.0
2014-01-31 17:05:00,0.0,0.007675737516511327,0,0.0
2014-01-31 17:10:00,0.33399999999999996,0.006515298161978721,0,0.0
2014-01-31 17:15:00,0.0,0.007706056917092563,0,0.0
2014-01-31 17:20:00,0.33799999999999997,0.006918214080950359,0,0.0
2014-01-31 17:25:00,0.0,0.00859367401427196,0,0.0
2014-01-31 17:30:00,0.0,0.0029646856638540844,0,0.0
2014-01-31 17:35:00,0.33399999999999996,0.008054878672744174,0,0.0
2014-01-31 17:40:00,0.0,0.007173322062818542,0,0.0
2014-01-31 17:45:00,0.33799999999999997,0.006273785410186379,0,0.0
2014-01-31 17:50:00,0.0,0.0070496524259653845,0,0.0
2014-01-31 17:55:00,2.7060000000000004,0.07913474867199227,0,0.0
2014-01-31 18:00:00,0.33799999999999997,0.03143142319328092,0,0.0
2014-01-31 18:05:00,0.0,0.018851559509984205,0,0.0
2014-01-31 18:10:00,0.33799999999999997,0.002111690051863652,0,0.0
2014-01-31 18:15:00,0.0,0.015121620161127912,0,0.0
2014-01-31 18:20:00,0.0,0.00830457006170417,0,0.0
2014-01-31 18:25:00,0.32799999999999996,0.008921073750259901,0,0.0
2014-01-31 18:30:00,0.0,0.009189005787609271,0,0.0
2014-01-31 18:35:00,0.33799999999999997,0.0005363216863331301,0,0.0
2014-01-31 18:40:00,0.0,0.009083518154445185,0,0.0
2014-01-31 18:45:00,0.0,0.0044493906957098215,0,0.0
2014-01-31 18:50:00,0.33799999999999997,0.008315964054164716,0,0.0
2014-01-31 18:55:00,0.0,0.008015382981816942,0,0.0
2014-01-31 19:00:00,0.33799999999999997,0.008647689852194485,0,0.0
2014-01-31 19:05:00,0.0,0.006696777388554328,0,0.0
2014-01-31 19:10:00,0.33399999999999996,0.007531680838510022,0,0.0
2014-01-31 19:15:00,0.0,0.013076949544001324,0,0.0
2014-01-31 19:20:00,0.33799999999999997,0.007264614847651019,0,0.0
2014-01-31 19:25:00,0.0,0.007178301324557131,0,0.0
2014-01-31 19:30:00,0.0,0.0024914159044335674,0,0.0
2014-01-31 19:35:00,0.32799999999999996,0.0012956288249342204,0,0.0
2014-01-31 19:40:00,0.0,0.0041088100381958285,0,0.0
2014-01-31 19:45:00,0.0,0.003999456841685769,0,0.0
2014-01-31 19:50:00,0.41,0.0001373790465594915,0,0.0
2014-01-31 19:55:00,0.0,0.013126050029080742,0,0.0
2014-01-31 20:00:00,0.33799999999999997,0.009822458936816044,0,0.0
2014-01-31 20:05:00,0.0,0.0023484107218613853,0,0.0
2014-01-31 20:10:00,0.33399999999999996,0.010931507564383151,0,0.0
2014-01-31 20:15:00,0.0,0.003475532068730289,0,0.0
2014-01-31 20:20:00,0.33799999999999997,0.005891178177759885,0,0.0
2014-01-31 20:25:00,0.0,0.006712321428570566,0,0.0
2014-01-31 20:30:00,0.0,0.005941130230333626,0,0.0
2014-01-31 20:35:00,0.0,0.0015349914977902171,0,0.0
2014-01-31 20:40:00,0.0,0.0031290852611008703,0,0.0
2014-01-31 20:45:00,0.33399999999999996,0.009650175564114969,0,0.0
2014-01-31 20:50:00,0.0,0.0077494327607776315,0,0.0
2014-01-31 20:55:00,0.33799999999999997,0.00821537928988156,0,0.0
2014-01-31 21:00:00,0.0,0.008481911422870761,0,0.0
2014-01-31 21:05:00,1.646,0.04820045533866348,0,0.0
2014-01-31 21:10:00,0.0,0.025856232347303127,0,0.0
2014-01-31 21:15:00,0.0,0.009719567615033115,0,0.0
2014-01-31 21:20:00,0.672,0.016640212809315262,0,0.0
2014-01-31 21:25:00,0.0,0.015384930451193381,0,0.0
2014-01-31 21:30:00,0.33399999999999996,0.0028596246660686307,0,0.0
2014-01-31 21:35:00,0.0,0.006866368906496411,0,0.0
2014-01-31 21:40:00,0.33399999999999996,0.004094104041739854,0,0.0
2014-01-31 21:45:00,0.0,0.011943324197865571,0,0.0
2014-01-31 21:50:00,0.0,0.004402603120818148,0,0.0
2014-01-31 21:55:00,0.33799999999999997,0.008175344833399994,0,0.0
2014-01-31 22:00:00,0.33799999999999997,0.002180144496842668,0,0.0
2014-01-31 22:05:00,0.0,0.008800831008968588,0,0.0
2014-01-31 22:10:00,0.0,0.002448658591950979,0,0.0
2014-01-31 22:15:00,0.32799999999999996,0.006955360310858468,0,0.0
2014-01-31 22:20:00,0.0,0.007346405057216399,0,0.0
2014-01-31 22:25:00,0.0,0.004652122258272262,0,0.0
2014-01-31 22:30:00,0.0,0.0002509675020636226,0,0.0
2014-01-31 22:35:00,0.0,0.00291652997860092,0,0.0
2014-01-31 22:40:00,0.33399999999999996,0.007641729954623459,0,0.0
2014-01-31 22:45:00,0.0,0.010291119779028806,0,0.0
2014-01-31 22:50:00,0.33399999999999996,0.009242575405235938,0,0.0
2014-01-31 22:55:00,0.0,0.0074516564369411795,0,0.0
2014-01-31 23:00:00,0.33399999999999996,0.000314799396583622,0,0.0
2014-01-31 23:05:00,0.0,0.0071879364860687345,0,0.0
2014-01-31 23:10:00,0.32799999999999996,0.00871973976499826,0,0.0
2014-01-31 23:15:00,0.0,0.005745005513102654,0,0.0
2014-01-31 23:20:00,0.32799999999999996,0.0060476078852579615,0,0.0
2014-01-31 23:25:00,0.0,0.004391126916668565,0,0.0
2014-01-31 23:30:00,0.33399999999999996,0.006271227523707954,0,0.0
2014-01-31 23:35:00,0.0,0.007303738769106872,0,0.0
2014-01-31 23:40:00,0.0,0.003902783894325728,0,0.0
2014-01-31 23:45:00,0.32799999999999996,0.009824485457075831,0,0.0
2014-01-31 23:50:00,0.0,0.007817928193727572,0,0.0
2014-01-31 23:55:00,0.33799999999999997,0.005946378377527504,0,0.0
2014-02-01 00:00:00,0.0,0.007039782312585492,0,0.0
2014-02-01 00:05:00,0.33399999999999996,0.007969329843622986,0,0.0
2014-02-01 00:10:00,0.0,0.008186621369488379,0,0.0
2014-02-01 00:15:00,0.33399999999999996,0.008012104013355168,0,0.0
2014-02-01 00:20:00,0.0,0.007481437833429037,0,0.0
2014-02-01 00:25:00,0.32799999999999996,0.0076441226542553285,0,0.0
2014-02-01 00:30:00,0.0,0.007760871097900366,0,0.0
2014-02-01 00:35:00,0.0,0.004031595976222275,0,0.0
2014-02-01 00:40:00,0.33799999999999997,0.006451266036560504,0,0.0
2014-02-01 00:45:00,0.0,0.0077889446675253,0,0.0
2014-02-01 00:50:00,0.0,0.00399465057729436,0,0.0
2014-02-01 00:55:00,0.0,0.0019366095217616156,0,0.0
2014-02-01 01:00:00,0.33399999999999996,0.008111499275322166,0,0.0
